[ 37464][E][ssl_client.cpp:36] _handle_error(): [ssl_starttls_handshake():317]: (-29312) SSL - The connection indicated an EOF
[ 37476][E][NetworkClientSecure.cpp:159] connect(): start_ssl_client: connect failed: -29312
W: Failed to get timezone offset from API, HTTP code: -1
[ 37886][E][ssl_client.cpp:36] _handle_error(): [ssl_starttls_handshake():317]: (-29312) SSL - The connection indicated an EOF
[ 37898][E][NetworkClientSecure.cpp:159] connect(): start_ssl_client: connect failed: -29312
W: Failed to get timezone offset from API, HTTP code: -1
W: Unknown weather icon: 
W: Unknown weather icon: 
W: Unknown weather icon: 
W: Unknown weather icon: 
I: Drawing of Weather took 774 ms
I: 🔵 Starting HTTP request for: https://api.twelvedata.com/quote?apikey=e03fc53524454ab8b65d91b23c669cc5&symbol=NTDOY
E (38308) task_wdt: esp_task_wdt_reset(705): task not found
E (38311) task_wdt: esp_task_wdt_reset(705): task not found
E (38315) task_wdt: esp_task_wdt_reset(705): task not found
E (38321) task_wdt: esp_task_wdt_reset(705): task not found
E (38326) task_wdt: esp_task_wdt_reset(705): task not found
E (38331) task_wdt: esp_task_wdt_reset(705): task not found
E (38336) task_wdt: esp_task_wdt_reset(705): task not found
E (38342) task_wdt: esp_task_wdt_reset(705): task not found
E (38347) task_wdt: esp_task_wdt_reset(705): task not found
E (38352) task_wdt: esp_task_wdt_reset(705): task not found
E (38357) task_wdt: esp_task_wdt_reset(705): task not found
E (38363) task_wdt: esp_task_wdt_reset(705): task not found
E (38368) task_wdt: esp_task_wdt_reset(705): task not found
E (38373) task_wdt: esp_task_wdt_reset(705): task not found
E (38378) task_wdt: esp_task_wdt_reset(705): task not found
E (38384) task_wdt: esp_task_wdt_reset(705): task not found
E (38389) task_wdt: esp_task_wdt_reset(705): task not found
E (38394) task_wdt: esp_task_wdt_reset(705): task not found
E (38399) task_wdt: esp_task_wdt_reset(705): task not found
E (38405) task_wdt: esp_task_wdt_reset(705): task not found
E (38410) task_wdt: esp_task_wdt_reset(705): task not found
E (38415) task_wdt: esp_task_wdt_reset(705): task not found
E (38421) task_wdt: esp_task_wdt_reset(705): task not found
E (38426) task_wdt: esp_task_wdt_reset(705): task not found
E (38431) task_wdt: esp_task_wdt_reset(705): task not found
E (38436) task_wdt: esp_task_wdt_reset(705): task not found
E (38442) task_wdt: esp_task_wdt_reset(705): task not found
E (38447) task_wdt: esp_task_wdt_reset(705): task not found
E (38452) task_wdt: esp_task_wdt_reset(705): task not found
E (38457) task_wdt: esp_task_wdt_reset(705): task not found
E (38463) task_wdt: esp_task_wdt_reset(705): task not found
E (38468) task_wdt: esp_task_wdt_reset(705): task not found
E (38473) task_wdt: esp_task_wdt_reset(705): task not found
E (38478) task_wdt: esp_task_wdt_reset(705): task not found
E (38484) task_wdt: esp_task_wdt_reset(705): task not found
E (38489) task_wdt: esp_task_wdt_reset(705): task not found
E (38494) task_wdt: esp_task_wdt_reset(705): task not found
E (38499) task_wdt: esp_task_wdt_reset(705): task not found
E (38505) task_wdt: esp_task_wdt_reset(705): task not found
E (38510) task_wdt: esp_task_wdt_reset(705): task not found
E (38515) task_wdt: esp_task_wdt_reset(705): task not found
E (38520) task_wdt: esp_task_wdt_reset(705): task not found
E (38526) task_wdt: esp_task_wdt_reset(705): task not found
E (38531) task_wdt: esp_task_wdt_reset(705): task not found
[ 38801][E][ssl_client.cpp:36] _handle_error(): [start_ssl_client():302]: (-32512) SSL - Memory allocation failed
[ 38812][E][NetworkClientSecure.cpp:159] connect(): start_ssl_client: connect failed: -32512
W: Failed to get timezone offset from API, HTTP code: -1
E (38821) task_wdt: esp_task_wdt_reset(705): task not found
E (38823) task_wdt: esp_task_wdt_reset(705): task not found
E (38824) task_wdt: esp_task_wdt_reset(705): task not found
E (38828) task_wdt: esp_task_wdt_reset(705): task not found
E (38833) task_wdt: esp_task_wdt_reset(705): task not found
E (38838) task_wdt: esp_task_wdt_reset(705): task not found
E (38843) task_wdt: esp_task_wdt_reset(705): task not found
E (38849) task_wdt: esp_task_wdt_reset(705): task not found
E (38854) task_wdt: esp_task_wdt_reset(705): task not found
E (38859) task_wdt: esp_task_wdt_reset(705): task not found
E (38865) task_wdt: esp_task_wdt_reset(705): task not found
E (38870) task_wdt: esp_task_wdt_reset(705): task not found
E (38875) task_wdt: esp_task_wdt_reset(705): task not found
E (38881) task_wdt: esp_task_wdt_reset(705): task not found
E (38886) task_wdt: esp_task_wdt_reset(705): task not found
E (38891) task_wdt: esp_task_wdt_reset(705): task not found
E (38896) task_wdt: esp_task_wdt_reset(705): task not found
E (38901) task_wdt: esp_task_wdt_reset(705): task not found
E (38907) task_wdt: esp_task_wdt_reset(705): task not found
E (38912) task_wdt: esp_task_wdt_reset(705): task not found
E (38917) task_wdt: esp_task_wdt_reset(705): task not found
E (38922) task_wdt: esp_task_wdt_reset(705): task not found
E (38928) task_wdt: esp_task_wdt_reset(705): task not found
E (38933) task_wdt: esp_task_wdt_reset(705): task not found
E (38938) task_wdt: esp_task_wdt_reset(705): task not found
E (38943) task_wdt: esp_task_wdt_reset(705): task not found
E (38949) task_wdt: esp_task_wdt_reset(705): task not found
E (38954) task_wdt: esp_task_wdt_reset(705): task not found
E (38959) task_wdt: esp_task_wdt_reset(705): task not found
E (38964) task_wdt: esp_task_wdt_reset(705): task not found
E (38970) task_wdt: esp_task_wdt_reset(705): task not found
E (38975) task_wdt: esp_task_wdt_reset(705): task not found
E (38980) task_wdt: esp_task_wdt_reset(705): task not found
E (38987) task_wdt: esp_task_wdt_reset(705): task not found
E (38991) task_wdt: esp_task_wdt_reset(705): task not found
E (38997) task_wdt: esp_task_wdt_reset(705): task not found
E (39001) task_wdt: esp_task_wdt_reset(705): task not found
E (39007) task_wdt: esp_task_wdt_reset(705): task not found
E (39012) task_wdt: esp_task_wdt_reset(705): task not found
E (39017) task_wdt: esp_task_wdt_reset(705): task not found
E (39022) task_wdt: esp_task_wdt_reset(705): task not found
E (39028) task_wdt: esp_task_wdt_reset(705): task not found
E (39033) task_wdt: esp_task_wdt_reset(705): task not found
E (39038) task_wdt: esp_task_wdt_reset(705): task not found
E (39043) task_wdt: esp_task_wdt_reset(705): task not found
E (39049) task_wdt: esp_task_wdt_reset(705): task not found
E (39054) task_wdt: esp_task_wdt_reset(705): task not found
E (39059) task_wdt: esp_task_wdt_reset(705): task not found
E (39064) task_wdt: esp_task_wdt_reset(705): task not found
E (39070) task_wdt: esp_task_wdt_reset(705): task not found
E (39075) task_wdt: esp_task_wdt_reset(705): task not found
E (39080) task_wdt: esp_task_wdt_reset(705): task not found
E (39086) task_wdt: esp_task_wdt_reset(705): task not found
E (39091) task_wdt: esp_task_wdt_reset(705): task not found
E (39096) task_wdt: esp_task_wdt_reset(705): task not found
E (39101) task_wdt: esp_task_wdt_reset(705): task not found
E (39107) task_wdt: esp_task_wdt_reset(705): task not found
E (39112) task_wdt: esp_task_wdt_reset(705): task not found
E (39117) task_wdt: esp_task_wdt_reset(705): task not found
E (39122) task_wdt: esp_task_wdt_reset(705): task not found
E (39128) task_wdt: esp_task_wdt_reset(705): task not found
E (39133) task_wdt: esp_task_wdt_reset(705): task not found
E (39138) task_wdt: esp_task_wdt_reset(705): task not found
E (39143) task_wdt: esp_task_wdt_reset(705): task not found
E (39149) task_wdt: esp_task_wdt_reset(705): task not found
E (39154) task_wdt: esp_task_wdt_reset(705): task not found
E (39159) task_wdt: esp_task_wdt_reset(705): task not found
E (39164) task_wdt: esp_task_wdt_reset(705): task not found
E (39172) task_wdt: esp_task_wdt_reset(705): task not found
E (39175) task_wdt: esp_task_wdt_reset(705): task not found
E (39182) task_wdt: esp_task_wdt_reset(705): task not found
E (39186) task_wdt: esp_task_wdt_reset(705): task not found
E (39191) task_wdt: esp_task_wdt_reset(705): task not found
E (39196) task_wdt: esp_task_wdt_reset(705): task not found
E (39201) task_wdt: esp_task_wdt_reset(705): task not found
E (39206) task_wdt: esp_task_wdt_reset(705): task not found
E (39212) task_wdt: esp_task_wdt_reset(705): task not found
E (39217) task_wdt: esp_task_wdt_reset(705): task not found
E (39222) task_wdt: esp_task_wdt_reset(705): task not found
E (39228) task_wdt: esp_task_wdt_reset(705): task not found
E (39233) task_wdt: esp_task_wdt_reset(705): task not found
E (39238) task_wdt: esp_task_wdt_reset(705): task not found
E (39243) task_wdt: esp_task_wdt_reset(705): task not found
E (39249) task_wdt: esp_task_wdt_reset(705): task not found
E (39254) task_wdt: esp_task_wdt_reset(705): task not found
E (39259) task_wdt: esp_task_wdt_reset(705): task not found
E (39264) task_wdt: esp_task_wdt_reset(705): task not found
E (39270) task_wdt: esp_task_wdt_reset(705): task not found
E (39275) task_wdt: esp_task_wdt_reset(705): task not found
E (39280) task_wdt: esp_task_wdt_reset(705): task not found
E (39285) task_wdt: esp_task_wdt_reset(705): task not found
E (39291) task_wdt: esp_task_wdt_reset(705): task not found
E (39296) task_wdt: esp_task_wdt_reset(705): task not found
E (39301) task_wdt: esp_task_wdt_reset(705): task not found
E (39306) task_wdt: esp_task_wdt_reset(705): task not found
E (39312) task_wdt: esp_task_wdt_reset(705): task not found
E (39317) task_wdt: esp_task_wdt_reset(705): task not found
E (39322) task_wdt: esp_task_wdt_reset(705): task not found
E (39327) task_wdt: esp_task_wdt_reset(705): task not found
E (39333) task_wdt: esp_task_wdt_reset(705): task not found
E (39338) task_wdt: esp_task_wdt_reset(705): task not found
E (39343) task_wdt: esp_task_wdt_reset(705): task not found
E (39349) task_wdt: esp_task_wdt_reset(705): task not found
E (39354) task_wdt: esp_task_wdt_reset(705): task not found
E (39359) task_wdt: esp_task_wdt_reset(705): task not found
E (39364) task_wdt: esp_task_wdt_reset(705): task not found
E (39370) task_wdt: esp_task_wdt_reset(705): task not found
E (39375) task_wdt: esp_task_wdt_reset(705): task not found
E (39380) task_wdt: esp_task_wdt_reset(705): task not found
E (39385) task_wdt: esp_task_wdt_reset(705): task not found
E (39391) task_wdt: esp_task_wdt_reset(705): task not found
E (39396) task_wdt: esp_task_wdt_reset(705): task not found
E (39401) task_wdt: esp_task_wdt_reset(705): task not found
E (39406) task_wdt: esp_task_wdt_reset(705): task not found
E (39412) task_wdt: esp_task_wdt_reset(705): task not found
E (39417) task_wdt: esp_task_wdt_reset(705): task not found
E (39422) task_wdt: esp_task_wdt_reset(705): task not found
E (39428) task_wdt: esp_task_wdt_reset(705): task not found
E (39433) task_wdt: esp_task_wdt_reset(705): task not found
E (39438) task_wdt: esp_task_wdt_reset(705): task not found
E (39443) task_wdt: esp_task_wdt_reset(705): task not found
E (39449) task_wdt: esp_task_wdt_reset(705): task not found
E (39454) task_wdt: esp_task_wdt_reset(705): task not found
E (39459) task_wdt: esp_task_wdt_reset(705): task not found
E (39464) task_wdt: esp_task_wdt_reset(705): task not found
E (39470) task_wdt: esp_task_wdt_reset(705): task not found
E (39475) task_wdt: esp_task_wdt_reset(705): task not found
E (39480) task_wdt: esp_task_wdt_reset(705): task not found
E (39485) task_wdt: esp_task_wdt_reset(705): task not found
E (39491) task_wdt: esp_task_wdt_reset(705): task not found
E (39496) task_wdt: esp_task_wdt_reset(705): task not found
E (39501) task_wdt: esp_task_wdt_reset(705): task not found
E (39506) task_wdt: esp_task_wdt_reset(705): task not found
E (39512) task_wdt: esp_task_wdt_reset(705): task not found
E (39517) task_wdt: esp_task_wdt_reset(705): task not found
E (39522) task_wdt: esp_task_wdt_reset(705): task not found
E (39528) task_wdt: esp_task_wdt_reset(705): task not found
E (39533) task_wdt: esp_task_wdt_reset(705): task not found
I: ✅ Release semaphore
[ 40128][E][ssl_client.cpp:36] _handle_error(): [ssl_starttls_handshake():317]: (-29312) SSL - The connection indicated an EOF
[ 40139][E][NetworkClientSecure.cpp:159] connect(): start_ssl_client: connect failed: -29312
W: Failed to get timezone offset from API, HTTP code: -1
I: 🔵 Starting HTTP request for: https://api.twelvedata.com/quote?apikey=e03fc53524454ab8b65d91b23c669cc5&symbol=BTC/USD
E (40152) task_wdt: esp_task_wdt_reset(705): task not found
E (40155) task_wdt: esp_task_wdt_reset(705): task not found
E (40160) task_wdt: esp_task_wdt_reset(705): task not found
E (40165) task_wdt: esp_task_wdt_reset(705): task not found
E (40170) task_wdt: esp_task_wdt_reset(705): task not found
E (40175) task_wdt: esp_task_wdt_reset(705): task not found
E (40181) task_wdt: esp_task_wdt_reset(705): task not found
E (40186) task_wdt: esp_task_wdt_reset(705): task not found
E (40191) task_wdt: esp_task_wdt_reset(705): task not found
E (40196) task_wdt: esp_task_wdt_reset(705): task not found
E (40202) task_wdt: esp_task_wdt_reset(705): task not found
E (40207) task_wdt: esp_task_wdt_reset(705): task not found
E (40212) task_wdt: esp_task_wdt_reset(705): task not found
E (40217) task_wdt: esp_task_wdt_reset(705): task not found
E (40223) task_wdt: esp_task_wdt_reset(705): task not found
E (40228) task_wdt: esp_task_wdt_reset(705): task not found
E (40233) task_wdt: esp_task_wdt_reset(705): task not found
E (40238) task_wdt: esp_task_wdt_reset(705): task not found
E (40244) task_wdt: esp_task_wdt_reset(705): task not found
E (40249) task_wdt: esp_task_wdt_reset(705): task not found
E (40254) task_wdt: esp_task_wdt_reset(705): task not found
E (40259) task_wdt: esp_task_wdt_reset(705): task not found
E (40266) task_wdt: esp_task_wdt_reset(705): task not found
E (40270) task_wdt: esp_task_wdt_reset(705): task not found
E (40275) task_wdt: esp_task_wdt_reset(705): task not found
E (40281) task_wdt: esp_task_wdt_reset(705): task not found
E (40286) task_wdt: esp_task_wdt_reset(705): task not found
E (40291) task_wdt: esp_task_wdt_reset(705): task not found
E (40296) task_wdt: esp_task_wdt_reset(705): task not found
E (40302) task_wdt: esp_task_wdt_reset(705): task not found
E (40307) task_wdt: esp_task_wdt_reset(705): task not found
E (40312) task_wdt: esp_task_wdt_reset(705): task not found
E (40318) task_wdt: esp_task_wdt_reset(705): task not found
E (40323) task_wdt: esp_task_wdt_reset(705): task not found
E (40328) task_wdt: esp_task_wdt_reset(705): task not found
E (40334) task_wdt: esp_task_wdt_reset(705): task not found
E (40338) task_wdt: esp_task_wdt_reset(705): task not found
E (40344) task_wdt: esp_task_wdt_reset(705): task not found
E (40349) task_wdt: esp_task_wdt_reset(705): task not found
E (40354) task_wdt: esp_task_wdt_reset(705): task not found
E (40359) task_wdt: esp_task_wdt_reset(705): task not found
E (40365) task_wdt: esp_task_wdt_reset(705): task not found
E (40370) task_wdt: esp_task_wdt_reset(705): task not found
E (40375) task_wdt: esp_task_wdt_reset(705): task not found
E (40380) task_wdt: esp_task_wdt_reset(705): task not found
E (40386) task_wdt: esp_task_wdt_reset(705): task not found
E (40391) task_wdt: esp_task_wdt_reset(705): task not found
E (40396) task_wdt: esp_task_wdt_reset(705): task not found
E (40402) task_wdt: esp_task_wdt_reset(705): task not found
E (40407) task_wdt: esp_task_wdt_reset(705): task not found
E (40412) task_wdt: esp_task_wdt_reset(705): task not found
E (40417) task_wdt: esp_task_wdt_reset(705): task not found
E (40423) task_wdt: esp_task_wdt_reset(705): task not found
E (40428) task_wdt: esp_task_wdt_reset(705): task not found
E (40433) task_wdt: esp_task_wdt_reset(705): task not found
E (40438) task_wdt: esp_task_wdt_reset(705): task not found
E (40444) task_wdt: esp_task_wdt_reset(705): task not found
E (40449) task_wdt: esp_task_wdt_reset(705): task not found
E (40454) task_wdt: esp_task_wdt_reset(705): task not found
E (40459) task_wdt: esp_task_wdt_reset(705): task not found
E (40465) task_wdt: esp_task_wdt_reset(705): task not found
E (40470) task_wdt: esp_task_wdt_reset(705): task not found
E (40475) task_wdt: esp_task_wdt_reset(705): task not found
E (40480) task_wdt: esp_task_wdt_reset(705): task not found
E (40486) task_wdt: esp_task_wdt_reset(705): task not found
E (40491) task_wdt: esp_task_wdt_reset(705): task not found
E (40496) task_wdt: esp_task_wdt_reset(705): task not found
E (40501) task_wdt: esp_task_wdt_reset(705): task not found
E (40507) task_wdt: esp_task_wdt_reset(705): task not found
E (40512) task_wdt: esp_task_wdt_reset(705): task not found
E (40517) task_wdt: esp_task_wdt_reset(705): task not found
E (40524) task_wdt: esp_task_wdt_reset(705): task not found
E (40528) task_wdt: esp_task_wdt_reset(705): task not found
E (40533) task_wdt: esp_task_wdt_reset(705): task not found
[ 40746][E][ssl_client.cpp:36] _handle_error(): [start_ssl_client():302]: (-32512) SSL - Memory allocation failed
[ 40757][E][NetworkClientSecure.cpp:159] connect(): start_ssl_client: connect failed: -32512
W: Failed to get timezone offset from API, HTTP code: -1
E (40766) task_wdt: esp_task_wdt_reset(705): task not found
E (40768) task_wdt: esp_task_wdt_reset(705): task not found
E (40769) task_wdt: esp_task_wdt_reset(705): task not found
E (40773) task_wdt: esp_task_wdt_reset(705): task not found
E (40778) task_wdt: esp_task_wdt_reset(705): task not found
E (40784) task_wdt: esp_task_wdt_reset(705): task not found
E (40789) task_wdt: esp_task_wdt_reset(705): task not found
E (40794) task_wdt: esp_task_wdt_reset(705): task not found
E (40799) task_wdt: esp_task_wdt_reset(705): task not found
E (40805) task_wdt: esp_task_wdt_reset(705): task not found
E (40810) task_wdt: esp_task_wdt_reset(705): task not found
E (40815) task_wdt: esp_task_wdt_reset(705): task not found
E (40820) task_wdt: esp_task_wdt_reset(705): task not found
E (40826) task_wdt: esp_task_wdt_reset(705): task not found
E (40832) task_wdt: esp_task_wdt_reset(705): task not found
E (40836) task_wdt: esp_task_wdt_reset(705): task not found
E (40841) task_wdt: esp_task_wdt_reset(705): task not found
E (40847) task_wdt: esp_task_wdt_reset(705): task not found
E (40852) task_wdt: esp_task_wdt_reset(705): task not found
E (40857) task_wdt: esp_task_wdt_reset(705): task not found
E (40862) task_wdt: esp_task_wdt_reset(705): task not found
E (40868) task_wdt: esp_task_wdt_reset(705): task not found
E (40873) task_wdt: esp_task_wdt_reset(705): task not found
E (40878) task_wdt: esp_task_wdt_reset(705): task not found
E (40884) task_wdt: esp_task_wdt_reset(705): task not found
E (40889) task_wdt: esp_task_wdt_reset(705): task not found
E (40894) task_wdt: esp_task_wdt_reset(705): task not found
E (40899) task_wdt: esp_task_wdt_reset(705): task not found
E (40905) task_wdt: esp_task_wdt_reset(705): task not found
E (40910) task_wdt: esp_task_wdt_reset(705): task not found
E (40915) task_wdt: esp_task_wdt_reset(705): task not found
E (40920) task_wdt: esp_task_wdt_reset(705): task not found
E (40926) task_wdt: esp_task_wdt_reset(705): task not found
E (40931) task_wdt: esp_task_wdt_reset(705): task not found
E (40936) task_wdt: esp_task_wdt_reset(705): task not found
E (40941) task_wdt: esp_task_wdt_reset(705): task not found
E (40947) task_wdt: esp_task_wdt_reset(705): task not found
E (40952) task_wdt: esp_task_wdt_reset(705): task not found
E (40957) task_wdt: esp_task_wdt_reset(705): task not found
E (40962) task_wdt: esp_task_wdt_reset(705): task not found
E (40968) task_wdt: esp_task_wdt_reset(705): task not found
E (40973) task_wdt: esp_task_wdt_reset(705): task not found
E (40978) task_wdt: esp_task_wdt_reset(705): task not found
E (40983) task_wdt: esp_task_wdt_reset(705): task not found
E (40989) task_wdt: esp_task_wdt_reset(705): task not found
E (40994) task_wdt: esp_task_wdt_reset(705): task not found
E (40999) task_wdt: esp_task_wdt_reset(705): task not found
E (41005) task_wdt: esp_task_wdt_reset(705): task not found
E (41010) task_wdt: esp_task_wdt_reset(705): task not found
E (41015) task_wdt: esp_task_wdt_reset(705): task not found
E (41021) task_wdt: esp_task_wdt_reset(705): task not found
E (41026) task_wdt: esp_task_wdt_reset(705): task not found
E (41034) task_wdt: esp_task_wdt_reset(705): task not found
E (41037) task_wdt: esp_task_wdt_reset(705): task not found
E (41041) task_wdt: esp_task_wdt_reset(705): task not found
E (41047) task_wdt: esp_task_wdt_reset(705): task not found
E (41052) task_wdt: esp_task_wdt_reset(705): task not found
E (41057) task_wdt: esp_task_wdt_reset(705): task not found
E (41062) task_wdt: esp_task_wdt_reset(705): task not found
E (41068) task_wdt: esp_task_wdt_reset(705): task not found
E (41073) task_wdt: esp_task_wdt_reset(705): task not found
E (41078) task_wdt: esp_task_wdt_reset(705): task not found
E (41083) task_wdt: esp_task_wdt_reset(705): task not found
E (41089) task_wdt: esp_task_wdt_reset(705): task not found
E (41094) task_wdt: esp_task_wdt_reset(705): task not found
E (41099) task_wdt: esp_task_wdt_reset(705): task not found
E (41104) task_wdt: esp_task_wdt_reset(705): task not found
E (41110) task_wdt: esp_task_wdt_reset(705): task not found
E (41115) task_wdt: esp_task_wdt_reset(705): task not found
E (41120) task_wdt: esp_task_wdt_reset(705): task not found
E (41126) task_wdt: esp_task_wdt_reset(705): task not found
E (41131) task_wdt: esp_task_wdt_reset(705): task not found
E (41136) task_wdt: esp_task_wdt_reset(705): task not found
E (41141) task_wdt: esp_task_wdt_reset(705): task not found
E (41147) task_wdt: esp_task_wdt_reset(705): task not found
E (41152) task_wdt: esp_task_wdt_reset(705): task not found
E (41157) task_wdt: esp_task_wdt_reset(705): task not found
E (41162) task_wdt: esp_task_wdt_reset(705): task not found
E (41168) task_wdt: esp_task_wdt_reset(705): task not found
E (41173) task_wdt: esp_task_wdt_reset(705): task not found
E (41178) task_wdt: esp_task_wdt_reset(705): task not found
E (41183) task_wdt: esp_task_wdt_reset(705): task not found
E (41189) task_wdt: esp_task_wdt_reset(705): task not found
E (41194) task_wdt: esp_task_wdt_reset(705): task not found
E (41199) task_wdt: esp_task_wdt_reset(705): task not found
E (41205) task_wdt: esp_task_wdt_reset(705): task not found
E (41210) task_wdt: esp_task_wdt_reset(705): task not found
E (41215) task_wdt: esp_task_wdt_reset(705): task not found
E (41220) task_wdt: esp_task_wdt_reset(705): task not found
E (41226) task_wdt: esp_task_wdt_reset(705): task not found
E (41231) task_wdt: esp_task_wdt_reset(705): task not found
E (41237) task_wdt: esp_task_wdt_reset(705): task not found
E (41241) task_wdt: esp_task_wdt_reset(705): task not found
E (41247) task_wdt: esp_task_wdt_reset(705): task not found
E (41252) task_wdt: esp_task_wdt_reset(705): task not found
E (41257) task_wdt: esp_task_wdt_reset(705): task not found
E (41262) task_wdt: esp_task_wdt_reset(705): task not found
E (41268) task_wdt: esp_task_wdt_reset(705): task not found
E (41273) task_wdt: esp_task_wdt_reset(705): task not found
E (41278) task_wdt: esp_task_wdt_reset(705): task not found
E (41283) task_wdt: esp_task_wdt_reset(705): task not found
E (41289) task_wdt: esp_task_wdt_reset(705): task not found
E (41294) task_wdt: esp_task_wdt_reset(705): task not found
E (41299) task_wdt: esp_task_wdt_reset(705): task not found
E (41304) task_wdt: esp_task_wdt_reset(705): task not found
E (41310) task_wdt: esp_task_wdt_reset(705): task not found
E (41315) task_wdt: esp_task_wdt_reset(705): task not found
E (41320) task_wdt: esp_task_wdt_reset(705): task not found
E (41325) task_wdt: esp_task_wdt_reset(705): task not found
E (41331) task_wdt: esp_task_wdt_reset(705): task not found
E (41336) task_wdt: esp_task_wdt_reset(705): task not found
E (41341) task_wdt: esp_task_wdt_reset(705): task not found
E (41347) task_wdt: esp_task_wdt_reset(705): task not found
E (41352) task_wdt: esp_task_wdt_reset(705): task not found
E (41357) task_wdt: esp_task_wdt_reset(705): task not found
E (41362) task_wdt: esp_task_wdt_reset(705): task not found
E (41368) task_wdt: esp_task_wdt_reset(705): task not found
E (41373) task_wdt: esp_task_wdt_reset(705): task not found
E (41378) task_wdt: esp_task_wdt_reset(705): task not found
E (41383) task_wdt: esp_task_wdt_reset(705): task not found
E (41389) task_wdt: esp_task_wdt_reset(705): task not found
E (41398) task_wdt: esp_task_wdt_reset(705): task not found
E (41399) task_wdt: esp_task_wdt_reset(705): task not found
E (41404) task_wdt: esp_task_wdt_reset(705): task not found
E (41410) task_wdt: esp_task_wdt_reset(705): task not found
E (41415) task_wdt: esp_task_wdt_reset(705): task not found
E (41420) task_wdt: esp_task_wdt_reset(705): task not found
E (41425) task_wdt: esp_task_wdt_reset(705): task not found
E (41431) task_wdt: esp_task_wdt_reset(705): task not found
E (41436) task_wdt: esp_task_wdt_reset(705): task not found
E (41441) task_wdt: esp_task_wdt_reset(705): task not found
E (41446) task_wdt: esp_task_wdt_reset(705): task not found
E (41452) task_wdt: esp_task_wdt_reset(705): task not found
E (41457) task_wdt: esp_task_wdt_reset(705): task not found
E (41462) task_wdt: esp_task_wdt_reset(705): task not found
E (41468) task_wdt: esp_task_wdt_reset(705): task not found
E (41473) task_wdt: esp_task_wdt_reset(705): task not found
E (41478) task_wdt: esp_task_wdt_reset(705): task not found
E (41483) task_wdt: esp_task_wdt_reset(705): task not found
E (41489) task_wdt: esp_task_wdt_reset(705): task not found
E (41494) task_wdt: esp_task_wdt_reset(705): task not found
E (41499) task_wdt: esp_task_wdt_reset(705): task not found
E (41504) task_wdt: esp_task_wdt_reset(705): task not found
E (41510) task_wdt: esp_task_wdt_reset(705): task not found
E (41515) task_wdt: esp_task_wdt_reset(705): task not found
E (41520) task_wdt: esp_task_wdt_reset(705): task not found
E (41525) task_wdt: esp_task_wdt_reset(705): task not found
E (41531) task_wdt: esp_task_wdt_reset(705): task not found
E (41536) task_wdt: esp_task_wdt_reset(705): task not found
I: ✅ Release semaphore
[ 50059][E][ssl_client.cpp:36] _handle_error(): [ssl_starttls_handshake():317]: (-29312) SSL - The connection indicated an EOF
[ 50071][E][NetworkClientSecure.cpp:159] connect(): start_ssl_client: connect failed: -29312
W: Failed to get timezone offset from API, HTTP code: -1
E (50079) task_wdt: esp_task_wdt_reset(705): task not found
I: 🔵 Starting HTTP request for: https://api.twelvedata.com/quote?apikey=e03fc53524454ab8b65d91b23c669cc5&symbol=USD/CAD
[ 50277][E][ssl_client.cpp:36] _handle_error(): [start_ssl_client():302]: (-32512) SSL - Memory allocation failed
[ 50288][E][NetworkClientSecure.cpp:159] connect(): start_ssl_client: connect failed: -32512
W: Failed to get timezone offset from API, HTTP code: -1
E (50297) task_wdt: esp_task_wdt_reset(705): task not found
E (50299) task_wdt: esp_task_wdt_reset(705): task not found
E (50300) task_wdt: esp_task_wdt_reset(705): task not found
E (50304) task_wdt: esp_task_wdt_reset(705): task not found
E (50309) task_wdt: esp_task_wdt_reset(705): task not found
E (50314) task_wdt: esp_task_wdt_reset(705): task not found
E (50320) task_wdt: esp_task_wdt_reset(705): task not found
E (50325) task_wdt: esp_task_wdt_reset(705): task not found
E (50330) task_wdt: esp_task_wdt_reset(705): task not found
E (50335) task_wdt: esp_task_wdt_reset(705): task not found
E (50341) task_wdt: esp_task_wdt_reset(705): task not found
E (50346) task_wdt: esp_task_wdt_reset(705): task not found
E (50351) task_wdt: esp_task_wdt_reset(705): task not found
E (50357) task_wdt: esp_task_wdt_reset(705): task not found
E (50362) task_wdt: esp_task_wdt_reset(705): task not found
E (50367) task_wdt: esp_task_wdt_reset(705): task not found
E (50372) task_wdt: esp_task_wdt_reset(705): task not found
E (50378) task_wdt: esp_task_wdt_reset(705): task not found
E (50383) task_wdt: esp_task_wdt_reset(705): task not found
E (50388) task_wdt: esp_task_wdt_reset(705): task not found
E (50393) task_wdt: esp_task_wdt_reset(705): task not found
E (50399) task_wdt: esp_task_wdt_reset(705): task not found
E (50404) task_wdt: esp_task_wdt_reset(705): task not found
E (50409) task_wdt: esp_task_wdt_reset(705): task not found
E (50414) task_wdt: esp_task_wdt_reset(705): task not found
E (50420) task_wdt: esp_task_wdt_reset(705): task not found
E (50425) task_wdt: esp_task_wdt_reset(705): task not found
E (50430) task_wdt: esp_task_wdt_reset(705): task not found
E (50435) task_wdt: esp_task_wdt_reset(705): task not found
E (50441) task_wdt: esp_task_wdt_reset(705): task not found
E (50446) task_wdt: esp_task_wdt_reset(705): task not found
E (50451) task_wdt: esp_task_wdt_reset(705): task not found
E (50457) task_wdt: esp_task_wdt_reset(705): task not found
E (50462) task_wdt: esp_task_wdt_reset(705): task not found
E (50467) task_wdt: esp_task_wdt_reset(705): task not found
E (50472) task_wdt: esp_task_wdt_reset(705): task not found
E (50478) task_wdt: esp_task_wdt_reset(705): task not found
E (50483) task_wdt: esp_task_wdt_reset(705): task not found
E (50488) task_wdt: esp_task_wdt_reset(705): task not found
E (50493) task_wdt: esp_task_wdt_reset(705): task not found
E (50499) task_wdt: esp_task_wdt_reset(705): task not found
E (50504) task_wdt: esp_task_wdt_reset(705): task not found
E (50509) task_wdt: esp_task_wdt_reset(705): task not found
E (50514) task_wdt: esp_task_wdt_reset(705): task not found
E (50520) task_wdt: esp_task_wdt_reset(705): task not found
E (50525) task_wdt: esp_task_wdt_reset(705): task not found
E (50530) task_wdt: esp_task_wdt_reset(705): task not found
E (50535) task_wdt: esp_task_wdt_reset(705): task not found
E (50541) task_wdt: esp_task_wdt_reset(705): task not found
E (50546) task_wdt: esp_task_wdt_reset(705): task not found
E (50551) task_wdt: esp_task_wdt_reset(705): task not found
E (50556) task_wdt: esp_task_wdt_reset(705): task not found
E (50562) task_wdt: esp_task_wdt_reset(705): task not found
E (50567) task_wdt: esp_task_wdt_reset(705): task not found
E (50572) task_wdt: esp_task_wdt_reset(705): task not found
E (50579) task_wdt: esp_task_wdt_reset(705): task not found
E (50584) task_wdt: esp_task_wdt_reset(705): task not found
E (50588) task_wdt: esp_task_wdt_reset(705): task not found
E (50593) task_wdt: esp_task_wdt_reset(705): task not found
E (50599) task_wdt: esp_task_wdt_reset(705): task not found
E (50604) task_wdt: esp_task_wdt_reset(705): task not found
E (50609) task_wdt: esp_task_wdt_reset(705): task not found
E (50614) task_wdt: esp_task_wdt_reset(705): task not found
E (50620) task_wdt: esp_task_wdt_reset(705): task not found
E (50625) task_wdt: esp_task_wdt_reset(705): task not found
E (50630) task_wdt: esp_task_wdt_reset(705): task not found
E (50635) task_wdt: esp_task_wdt_reset(705): task not found
E (50641) task_wdt: esp_task_wdt_reset(705): task not found
E (50646) task_wdt: esp_task_wdt_reset(705): task not found
E (50651) task_wdt: esp_task_wdt_reset(705): task not found
E (50657) task_wdt: esp_task_wdt_reset(705): task not found
E (50662) task_wdt: esp_task_wdt_reset(705): task not found
E (50667) task_wdt: esp_task_wdt_reset(705): task not found
E (50672) task_wdt: esp_task_wdt_reset(705): task not found
E (50677) task_wdt: esp_task_wdt_reset(705): task not found
E (50683) task_wdt: esp_task_wdt_reset(705): task not found
E (50688) task_wdt: esp_task_wdt_reset(705): task not found
E (50693) task_wdt: esp_task_wdt_reset(705): task not found
E (50699) task_wdt: esp_task_wdt_reset(705): task not found
E (50704) task_wdt: esp_task_wdt_reset(705): task not found
E (50709) task_wdt: esp_task_wdt_reset(705): task not found
E (50714) task_wdt: esp_task_wdt_reset(705): task not found
E (50720) task_wdt: esp_task_wdt_reset(705): task not found
E (50725) task_wdt: esp_task_wdt_reset(705): task not found
E (50730) task_wdt: esp_task_wdt_reset(705): task not found
E (50735) task_wdt: esp_task_wdt_reset(705): task not found
E (50741) task_wdt: esp_task_wdt_reset(705): task not found
E (50746) task_wdt: esp_task_wdt_reset(705): task not found
E (50751) task_wdt: esp_task_wdt_reset(705): task not found
E (50756) task_wdt: esp_task_wdt_reset(705): task not found
E (50763) task_wdt: esp_task_wdt_reset(705): task not found
E (50767) task_wdt: esp_task_wdt_reset(705): task not found
E (50772) task_wdt: esp_task_wdt_reset(705): task not found
E (50777) task_wdt: esp_task_wdt_reset(705): task not found
E (50783) task_wdt: esp_task_wdt_reset(705): task not found
E (50788) task_wdt: esp_task_wdt_reset(705): task not found
E (50793) task_wdt: esp_task_wdt_reset(705): task not found
E (50798) task_wdt: esp_task_wdt_reset(705): task not found
E (50804) task_wdt: esp_task_wdt_reset(705): task not found
E (50809) task_wdt: esp_task_wdt_reset(705): task not found
E (50814) task_wdt: esp_task_wdt_reset(705): task not found
E (50820) task_wdt: esp_task_wdt_reset(705): task not found
E (50825) task_wdt: esp_task_wdt_reset(705): task not found
E (50830) task_wdt: esp_task_wdt_reset(705): task not found
E (50835) task_wdt: esp_task_wdt_reset(705): task not found
E (50841) task_wdt: esp_task_wdt_reset(705): task not found
E (50846) task_wdt: esp_task_wdt_reset(705): task not found
E (50851) task_wdt: esp_task_wdt_reset(705): task not found
E (50856) task_wdt: esp_task_wdt_reset(705): task not found
E (50862) task_wdt: esp_task_wdt_reset(705): task not found
E (50867) task_wdt: esp_task_wdt_reset(705): task not found
E (50872) task_wdt: esp_task_wdt_reset(705): task not found
E (50877) task_wdt: esp_task_wdt_reset(705): task not found
E (50883) task_wdt: esp_task_wdt_reset(705): task not found
E (50888) task_wdt: esp_task_wdt_reset(705): task not found
E (50893) task_wdt: esp_task_wdt_reset(705): task not found
E (50898) task_wdt: esp_task_wdt_reset(705): task not found
E (50904) task_wdt: esp_task_wdt_reset(705): task not found
E (50909) task_wdt: esp_task_wdt_reset(705): task not found
E (50914) task_wdt: esp_task_wdt_reset(705): task not found
E (50919) task_wdt: esp_task_wdt_reset(705): task not found
E (50925) task_wdt: esp_task_wdt_reset(705): task not found
E (50930) task_wdt: esp_task_wdt_reset(705): task not found
E (50936) task_wdt: esp_task_wdt_reset(705): task not found
E (50941) task_wdt: esp_task_wdt_reset(705): task not found
E (50946) task_wdt: esp_task_wdt_reset(705): task not found
E (50951) task_wdt: esp_task_wdt_reset(705): task not found
E (50956) task_wdt: esp_task_wdt_reset(705): task not found
E (50962) task_wdt: esp_task_wdt_reset(705): task not found
E (50967) task_wdt: esp_task_wdt_reset(705): task not found
E (50972) task_wdt: esp_task_wdt_reset(705): task not found
E (50977) task_wdt: esp_task_wdt_reset(705): task not found
E (50983) task_wdt: esp_task_wdt_reset(705): task not found
E (50988) task_wdt: esp_task_wdt_reset(705): task not found
E (50993) task_wdt: esp_task_wdt_reset(705): task not found
E (50998) task_wdt: esp_task_wdt_reset(705): task not found
E (51004) task_wdt: esp_task_wdt_reset(705): task not found
E (51009) task_wdt: esp_task_wdt_reset(705): task not found
E (51014) task_wdt: esp_task_wdt_reset(705): task not found
E (51019) task_wdt: esp_task_wdt_reset(705): task not found
E (51025) task_wdt: esp_task_wdt_reset(705): task not found
E (51030) task_wdt: esp_task_wdt_reset(705): task not found
E (51035) task_wdt: esp_task_wdt_reset(705): task not found
E (51041) task_wdt: esp_task_wdt_reset(705): task not found
E (51046) task_wdt: esp_task_wdt_reset(705): task not found
E (51051) task_wdt: esp_task_wdt_reset(705): task not found
E (51056) task_wdt: esp_task_wdt_reset(705): task not found
E (51062) task_wdt: esp_task_wdt_reset(705): task not found
E (51067) task_wdt: esp_task_wdt_reset(705): task not found
E (51072) task_wdt: esp_task_wdt_reset(705): task not found
E (51077) task_wdt: esp_task_wdt_reset(705): task not found
I: ✅ Release semaphore
[ 59519][E][ssl_client.cpp:36] _handle_error(): [ssl_starttls_handshake():317]: (-29312) SSL - The connection indicated an EOF
[ 59530][E][NetworkClientSecure.cpp:159] connect(): start_ssl_client: connect failed: -29312
W: Failed to get timezone offset from API, HTTP code: -1
I: 🔵 Starting HTTP request for: https://api.twelvedata.com/quote?apikey=e03fc53524454ab8b65d91b23c669cc5&symbol=GOOGL
E (59543) task_wdt: esp_task_wdt_reset(705): task not found
[ 62621][E][ssl_client.cpp:36] _handle_error(): [start_ssl_client():302]: (-32512) SSL - Memory allocation failed
[ 62632][E][NetworkClientSecure.cpp:159] connect(): start_ssl_client: connect failed: -32512
W: Failed to get timezone offset from API, HTTP code: -1
E (62644) task_wdt: esp_task_wdt_reset(705): task not found
[ 62837][E][ssl_client.cpp:36] _handle_error(): [start_ssl_client():302]: (-32512) SSL - Memory allocation failed
[ 62848][E][NetworkClientSecure.cpp:159] connect(): start_ssl_client: connect failed: -32512
W: Failed to get timezone offset from API, HTTP code: -1
E (62857) task_wdt: esp_task_wdt_reset(705): task not found
E (62859) task_wdt: esp_task_wdt_reset(705): task not found
E (62860) task_wdt: esp_task_wdt_reset(705): task not found
E (62864) task_wdt: esp_task_wdt_reset(705): task not found
E (62869) task_wdt: esp_task_wdt_reset(705): task not found
E (62875) task_wdt: esp_task_wdt_reset(705): task not found
E (62880) task_wdt: esp_task_wdt_reset(705): task not found
E (62885) task_wdt: esp_task_wdt_reset(705): task not found
E (62891) task_wdt: esp_task_wdt_reset(705): task not found
E (62896) task_wdt: esp_task_wdt_reset(705): task not found
E (62901) task_wdt: esp_task_wdt_reset(705): task not found
E (62906) task_wdt: esp_task_wdt_reset(705): task not found
E (62912) task_wdt: esp_task_wdt_reset(705): task not found
E (62917) task_wdt: esp_task_wdt_reset(705): task not found
E (62922) task_wdt: esp_task_wdt_reset(705): task not found
E (62927) task_wdt: esp_task_wdt_reset(705): task not found
E (62933) task_wdt: esp_task_wdt_reset(705): task not found
E (62938) task_wdt: esp_task_wdt_reset(705): task not found
E (62943) task_wdt: esp_task_wdt_reset(705): task not found
E (62949) task_wdt: esp_task_wdt_reset(705): task not found
E (62954) task_wdt: esp_task_wdt_reset(705): task not found
E (62959) task_wdt: esp_task_wdt_reset(705): task not found
E (62964) task_wdt: esp_task_wdt_reset(705): task not found
E (62969) task_wdt: esp_task_wdt_reset(705): task not found
E (62975) task_wdt: esp_task_wdt_reset(705): task not found
E (62980) task_wdt: esp_task_wdt_reset(705): task not found
E (62985) task_wdt: esp_task_wdt_reset(705): task not found
E (62990) task_wdt: esp_task_wdt_reset(705): task not found
E (62996) task_wdt: esp_task_wdt_reset(705): task not found
E (63001) task_wdt: esp_task_wdt_reset(705): task not found
E (63006) task_wdt: esp_task_wdt_reset(705): task not found
E (63012) task_wdt: esp_task_wdt_reset(705): task not found
E (63017) task_wdt: esp_task_wdt_reset(705): task not found
E (63022) task_wdt: esp_task_wdt_reset(705): task not found
E (63027) task_wdt: esp_task_wdt_reset(705): task not found
E (63033) task_wdt: esp_task_wdt_reset(705): task not found
E (63038) task_wdt: esp_task_wdt_reset(705): task not found
E (63043) task_wdt: esp_task_wdt_reset(705): task not found
E (63048) task_wdt: esp_task_wdt_reset(705): task not found
E (63054) task_wdt: esp_task_wdt_reset(705): task not found
E (63059) task_wdt: esp_task_wdt_reset(705): task not found
E (63064) task_wdt: esp_task_wdt_reset(705): task not found
E (63069) task_wdt: esp_task_wdt_reset(705): task not found
E (63075) task_wdt: esp_task_wdt_reset(705): task not found
E (63080) task_wdt: esp_task_wdt_reset(705): task not found
E (63085) task_wdt: esp_task_wdt_reset(705): task not found
E (63090) task_wdt: esp_task_wdt_reset(705): task not found
E (63096) task_wdt: esp_task_wdt_reset(705): task not found
E (63101) task_wdt: esp_task_wdt_reset(705): task not found
E (63106) task_wdt: esp_task_wdt_reset(705): task not found
E (63112) task_wdt: esp_task_wdt_reset(705): task not found
E (63117) task_wdt: esp_task_wdt_reset(705): task not found
E (63122) task_wdt: esp_task_wdt_reset(705): task not found
E (63127) task_wdt: esp_task_wdt_reset(705): task not found
E (63133) task_wdt: esp_task_wdt_reset(705): task not found
E (63138) task_wdt: esp_task_wdt_reset(705): task not found
E (63143) task_wdt: esp_task_wdt_reset(705): task not found
E (63148) task_wdt: esp_task_wdt_reset(705): task not found
E (63154) task_wdt: esp_task_wdt_reset(705): task not found
E (63159) task_wdt: esp_task_wdt_reset(705): task not found
E (63164) task_wdt: esp_task_wdt_reset(705): task not found
E (63169) task_wdt: esp_task_wdt_reset(705): task not found
E (63175) task_wdt: esp_task_wdt_reset(705): task not found
E (63180) task_wdt: esp_task_wdt_reset(705): task not found
E (63185) task_wdt: esp_task_wdt_reset(705): task not found
E (63190) task_wdt: esp_task_wdt_reset(705): task not found
E (63196) task_wdt: esp_task_wdt_reset(705): task not found
E (63201) task_wdt: esp_task_wdt_reset(705): task not found
E (63206) task_wdt: esp_task_wdt_reset(705): task not found
E (63211) task_wdt: esp_task_wdt_reset(705): task not found
E (63217) task_wdt: esp_task_wdt_reset(705): task not found
E (63222) task_wdt: esp_task_wdt_reset(705): task not found
E (63227) task_wdt: esp_task_wdt_reset(705): task not found
E (63233) task_wdt: esp_task_wdt_reset(705): task not found
E (63238) task_wdt: esp_task_wdt_reset(705): task not found
E (63243) task_wdt: esp_task_wdt_reset(705): task not found
E (63248) task_wdt: esp_task_wdt_reset(705): task not found
E (63254) task_wdt: esp_task_wdt_reset(705): task not found
E (63259) task_wdt: esp_task_wdt_reset(705): task not found
E (63264) task_wdt: esp_task_wdt_reset(705): task not found
E (63269) task_wdt: esp_task_wdt_reset(705): task not found
E (63275) task_wdt: esp_task_wdt_reset(705): task not found
E (63280) task_wdt: esp_task_wdt_reset(705): task not found
E (63285) task_wdt: esp_task_wdt_reset(705): task not found
E (63290) task_wdt: esp_task_wdt_reset(705): task not found
E (63296) task_wdt: esp_task_wdt_reset(705): task not found
E (63301) task_wdt: esp_task_wdt_reset(705): task not found
E (63306) task_wdt: esp_task_wdt_reset(705): task not found
E (63311) task_wdt: esp_task_wdt_reset(705): task not found
E (63317) task_wdt: esp_task_wdt_reset(705): task not found
E (63322) task_wdt: esp_task_wdt_reset(705): task not found
E (63327) task_wdt: esp_task_wdt_reset(705): task not found
E (63332) task_wdt: esp_task_wdt_reset(705): task not found
E (63338) task_wdt: esp_task_wdt_reset(705): task not found
E (63343) task_wdt: esp_task_wdt_reset(705): task not found
E (63348) task_wdt: esp_task_wdt_reset(705): task not found
E (63354) task_wdt: esp_task_wdt_reset(705): task not found
E (63359) task_wdt: esp_task_wdt_reset(705): task not found
E (63364) task_wdt: esp_task_wdt_reset(705): task not found
E (63369) task_wdt: esp_task_wdt_reset(705): task not found
E (63375) task_wdt: esp_task_wdt_reset(705): task not found
E (63380) task_wdt: esp_task_wdt_reset(705): task not found
E (63385) task_wdt: esp_task_wdt_reset(705): task not found
E (63391) task_wdt: esp_task_wdt_reset(705): task not found
E (63396) task_wdt: esp_task_wdt_reset(705): task not found
E (63402) task_wdt: esp_task_wdt_reset(705): task not found
E (63407) task_wdt: esp_task_wdt_reset(705): task not found
E (63411) task_wdt: esp_task_wdt_reset(705): task not found
E (63417) task_wdt: esp_task_wdt_reset(705): task not found
E (63422) task_wdt: esp_task_wdt_reset(705): task not found
E (63427) task_wdt: esp_task_wdt_reset(705): task not found
E (63432) task_wdt: esp_task_wdt_reset(705): task not found
E (63438) task_wdt: esp_task_wdt_reset(705): task not found
E (63443) task_wdt: esp_task_wdt_reset(705): task not found
E (63448) task_wdt: esp_task_wdt_reset(705): task not found
E (63453) task_wdt: esp_task_wdt_reset(705): task not found
E (63459) task_wdt: esp_task_wdt_reset(705): task not found
E (63464) task_wdt: esp_task_wdt_reset(705): task not found
E (63469) task_wdt: esp_task_wdt_reset(705): task not found
E (63475) task_wdt: esp_task_wdt_reset(705): task not found
E (63480) task_wdt: esp_task_wdt_reset(705): task not found
E (63485) task_wdt: esp_task_wdt_reset(705): task not found
E (63490) task_wdt: esp_task_wdt_reset(705): task not found
E (63496) task_wdt: esp_task_wdt_reset(705): task not found
E (63501) task_wdt: esp_task_wdt_reset(705): task not found
E (63506) task_wdt: esp_task_wdt_reset(705): task not found
E (63511) task_wdt: esp_task_wdt_reset(705): task not found
E (63517) task_wdt: esp_task_wdt_reset(705): task not found
E (63522) task_wdt: esp_task_wdt_reset(705): task not found
E (63527) task_wdt: esp_task_wdt_reset(705): task not found
E (63532) task_wdt: esp_task_wdt_reset(705): task not found
E (63538) task_wdt: esp_task_wdt_reset(705): task not found
E (63543) task_wdt: esp_task_wdt_reset(705): task not found
E (63548) task_wdt: esp_task_wdt_reset(705): task not found
E (63553) task_wdt: esp_task_wdt_reset(705): task not found
E (63559) task_wdt: esp_task_wdt_reset(705): task not found
E (63564) task_wdt: esp_task_wdt_reset(705): task not found
E (63570) task_wdt: esp_task_wdt_reset(705): task not found
E (63575) task_wdt: esp_task_wdt_reset(705): task not found
E (63580) task_wdt: esp_task_wdt_reset(705): task not found
E (63585) task_wdt: esp_task_wdt_reset(705): task not found
E (63590) task_wdt: esp_task_wdt_reset(705): task not found
E (63596) task_wdt: esp_task_wdt_reset(705): task not found
E (63601) task_wdt: esp_task_wdt_reset(705): task not found
E (63606) task_wdt: esp_task_wdt_reset(705): task not found
E (63611) task_wdt: esp_task_wdt_reset(705): task not found
E (63617) task_wdt: esp_task_wdt_reset(705): task not found
E (63622) task_wdt: esp_task_wdt_reset(705): task not found
E (63627) task_wdt: esp_task_wdt_reset(705): task not found
E (63632) task_wdt: esp_task_wdt_reset(705): task not found
E (63638) task_wdt: esp_task_wdt_reset(705): task not found
E (63643) task_wdt: esp_task_wdt_reset(705): task not found
[ 64423][E][ssl_client.cpp:36] _handle_error(): [start_ssl_client():302]: (-32512) SSL - Memory allocation failed
[ 64434][E][NetworkClientSecure.cpp:159] connect(): start_ssl_client: connect failed: -32512
W: Failed to get timezone offset from API, HTTP code: -1
E (64441) task_wdt: esp_task_wdt_reset(705): task not found
E (64442) task_wdt: esp_task_wdt_reset(705): task not found
E (64444) task_wdt: esp_task_wdt_reset(705): task not found
E (64449) task_wdt: esp_task_wdt_reset(705): task not found
E (64454) task_wdt: esp_task_wdt_reset(705): task not found
E (64459) task_wdt: esp_task_wdt_reset(705): task not found
E (64465) task_wdt: esp_task_wdt_reset(705): task not found
E (64470) task_wdt: esp_task_wdt_reset(705): task not found
E (64475) task_wdt: esp_task_wdt_reset(705): task not found
E (64481) task_wdt: esp_task_wdt_reset(705): task not found
E (64486) task_wdt: esp_task_wdt_reset(705): task not found
E (64491) task_wdt: esp_task_wdt_reset(705): task not found
E (64496) task_wdt: esp_task_wdt_reset(705): task not found
E (64502) task_wdt: esp_task_wdt_reset(705): task not found
E (64507) task_wdt: esp_task_wdt_reset(705): task not found
E (64512) task_wdt: esp_task_wdt_reset(705): task not found
E (64517) task_wdt: esp_task_wdt_reset(705): task not found
E (64523) task_wdt: esp_task_wdt_reset(705): task not found
E (64528) task_wdt: esp_task_wdt_reset(705): task not found
E (64533) task_wdt: esp_task_wdt_reset(705): task not found
E (64538) task_wdt: esp_task_wdt_reset(705): task not found
E (64544) task_wdt: esp_task_wdt_reset(705): task not found
E (64549) task_wdt: esp_task_wdt_reset(705): task not found
E (64554) task_wdt: esp_task_wdt_reset(705): task not found
E (64559) task_wdt: esp_task_wdt_reset(705): task not found
E (64565) task_wdt: esp_task_wdt_reset(705): task not found
E (64570) task_wdt: esp_task_wdt_reset(705): task not found
E (64575) task_wdt: esp_task_wdt_reset(705): task not found
E (64581) task_wdt: esp_task_wdt_reset(705): task not found
E (64586) task_wdt: esp_task_wdt_reset(705): task not found
E (64591) task_wdt: esp_task_wdt_reset(705): task not found
E (64596) task_wdt: esp_task_wdt_reset(705): task not found
E (64602) task_wdt: esp_task_wdt_reset(705): task not found
E (64607) task_wdt: esp_task_wdt_reset(705): task not found
E (64612) task_wdt: esp_task_wdt_reset(705): task not found
E (64617) task_wdt: esp_task_wdt_reset(705): task not found
E (64623) task_wdt: esp_task_wdt_reset(705): task not found
E (64628) task_wdt: esp_task_wdt_reset(705): task not found
E (64633) task_wdt: esp_task_wdt_reset(705): task not found
E (64638) task_wdt: esp_task_wdt_reset(705): task not found
E (64644) task_wdt: esp_task_wdt_reset(705): task not found
I: ✅ Release semaphore
[ 65522][E][ssl_client.cpp:36] _handle_error(): [ssl_starttls_handshake():317]: (-29312) SSL - The connection indicated an EOF
[ 65534][E][NetworkClientSecure.cpp:159] connect(): start_ssl_client: connect failed: -29312
W: Failed to get timezone offset from API, HTTP code: -1
I: 🔵 Starting HTTP request for: https://api-web.nhle.com/v1/standings/now
E (65546) task_wdt: esp_task_wdt_reset(705): task not found
E (65548) task_wdt: esp_task_wdt_reset(705): task not found
E (65550) task_wdt: esp_task_wdt_reset(705): task not found
E (65555) task_wdt: esp_task_wdt_reset(705): task not found
E (65561) task_wdt: esp_task_wdt_reset(705): task not found
E (65566) task_wdt: esp_task_wdt_reset(705): task not found
E (65571) task_wdt: esp_task_wdt_reset(705): task not found
E (65577) task_wdt: esp_task_wdt_reset(705): task not found
E (65582) task_wdt: esp_task_wdt_reset(705): task not found
E (65587) task_wdt: esp_task_wdt_reset(705): task not found
E (65592) task_wdt: esp_task_wdt_reset(705): task not found
E (65598) task_wdt: esp_task_wdt_reset(705): task not found
E (65603) task_wdt: esp_task_wdt_reset(705): task not found
E (65608) task_wdt: esp_task_wdt_reset(705): task not found
E (65613) task_wdt: esp_task_wdt_reset(705): task not found
E (65619) task_wdt: esp_task_wdt_reset(705): task not found
E (65624) task_wdt: esp_task_wdt_reset(705): task not found
E (65629) task_wdt: esp_task_wdt_reset(705): task not found
E (65634) task_wdt: esp_task_wdt_reset(705): task not found
E (65640) task_wdt: esp_task_wdt_reset(705): task not found
E (65645) task_wdt: esp_task_wdt_reset(705): task not found
[ 66252][E][ssl_client.cpp:36] _handle_error(): [start_ssl_client():302]: (-32512) SSL - Memory allocation failed
[ 66263][E][NetworkClientSecure.cpp:159] connect(): start_ssl_client: connect failed: -32512
W: Failed to get timezone offset from API, HTTP code: -1
E (66270) task_wdt: esp_task_wdt_reset(705): task not found
E (66272) task_wdt: esp_task_wdt_reset(705): task not found
E (66273) task_wdt: esp_task_wdt_reset(705): task not found
E (66278) task_wdt: esp_task_wdt_reset(705): task not found
E (66283) task_wdt: esp_task_wdt_reset(705): task not found
E (66288) task_wdt: esp_task_wdt_reset(705): task not found
E (66293) task_wdt: esp_task_wdt_reset(705): task not found
E (66299) task_wdt: esp_task_wdt_reset(705): task not found
E (66304) task_wdt: esp_task_wdt_reset(705): task not found
E (66309) task_wdt: esp_task_wdt_reset(705): task not found
E (66314) task_wdt: esp_task_wdt_reset(705): task not found
E (66320) task_wdt: esp_task_wdt_reset(705): task not found
E (66325) task_wdt: esp_task_wdt_reset(705): task not found
E (66330) task_wdt: esp_task_wdt_reset(705): task not found
E (66335) task_wdt: esp_task_wdt_reset(705): task not found
E (66341) task_wdt: esp_task_wdt_reset(705): task not found
E (66346) task_wdt: esp_task_wdt_reset(705): task not found
E (66351) task_wdt: esp_task_wdt_reset(705): task not found
E (66356) task_wdt: esp_task_wdt_reset(705): task not found
E (66362) task_wdt: esp_task_wdt_reset(705): task not found
E (66367) task_wdt: esp_task_wdt_reset(705): task not found
E (66372) task_wdt: esp_task_wdt_reset(705): task not found
E (66378) task_wdt: esp_task_wdt_reset(705): task not found
E (66383) task_wdt: esp_task_wdt_reset(705): task not found
E (66388) task_wdt: esp_task_wdt_reset(705): task not found
E (66393) task_wdt: esp_task_wdt_reset(705): task not found
E (66399) task_wdt: esp_task_wdt_reset(705): task not found
E (66404) task_wdt: esp_task_wdt_reset(705): task not found
E (66409) task_wdt: esp_task_wdt_reset(705): task not found
E (66414) task_wdt: esp_task_wdt_reset(705): task not found
E (66420) task_wdt: esp_task_wdt_reset(705): task not found
E (66425) task_wdt: esp_task_wdt_reset(705): task not found
E (66430) task_wdt: esp_task_wdt_reset(705): task not found
E (66435) task_wdt: esp_task_wdt_reset(705): task not found
E (66441) task_wdt: esp_task_wdt_reset(705): task not found
E (66446) task_wdt: esp_task_wdt_reset(705): task not found
E (66451) task_wdt: esp_task_wdt_reset(705): task not found
E (66456) task_wdt: esp_task_wdt_reset(705): task not found
E (66462) task_wdt: esp_task_wdt_reset(705): task not found
E (66467) task_wdt: esp_task_wdt_reset(705): task not found
E (66472) task_wdt: esp_task_wdt_reset(705): task not found
E (66478) task_wdt: esp_task_wdt_reset(705): task not found
E (66483) task_wdt: esp_task_wdt_reset(705): task not found
E (66488) task_wdt: esp_task_wdt_reset(705): task not found
E (66493) task_wdt: esp_task_wdt_reset(705): task not found
E (66499) task_wdt: esp_task_wdt_reset(705): task not found
E (66504) task_wdt: esp_task_wdt_reset(705): task not found
E (66509) task_wdt: esp_task_wdt_reset(705): task not found
E (66514) task_wdt: esp_task_wdt_reset(705): task not found
E (66520) task_wdt: esp_task_wdt_reset(705): task not found
E (66525) task_wdt: esp_task_wdt_reset(705): task not found
E (66531) task_wdt: esp_task_wdt_reset(705): task not found
E (66535) task_wdt: esp_task_wdt_reset(705): task not found
E (66541) task_wdt: esp_task_wdt_reset(705): task not found
E (66546) task_wdt: esp_task_wdt_reset(705): task not found
E (66551) task_wdt: esp_task_wdt_reset(705): task not found
E (66556) task_wdt: esp_task_wdt_reset(705): task not found
E (66562) task_wdt: esp_task_wdt_reset(705): task not found
E (66567) task_wdt: esp_task_wdt_reset(705): task not found
E (66572) task_wdt: esp_task_wdt_reset(705): task not found
E (66577) task_wdt: esp_task_wdt_reset(705): task not found
E (66583) task_wdt: esp_task_wdt_reset(705): task not found
E (66588) task_wdt: esp_task_wdt_reset(705): task not found
E (66593) task_wdt: esp_task_wdt_reset(705): task not found
E (66599) task_wdt: esp_task_wdt_reset(705): task not found
E (66604) task_wdt: esp_task_wdt_reset(705): task not found
E (66609) task_wdt: esp_task_wdt_reset(705): task not found
E (66614) task_wdt: esp_task_wdt_reset(705): task not found
E (66620) task_wdt: esp_task_wdt_reset(705): task not found
E (66625) task_wdt: esp_task_wdt_reset(705): task not found
E (66630) task_wdt: esp_task_wdt_reset(705): task not found
E (66635) task_wdt: esp_task_wdt_reset(705): task not found
E (66641) task_wdt: esp_task_wdt_reset(705): task not found
E (66646) task_wdt: esp_task_wdt_reset(705): task not found
[ 67767][E][ssl_client.cpp:36] _handle_error(): [start_ssl_client():302]: (-32512) SSL - Memory allocation failed
[ 67777][E][NetworkClientSecure.cpp:159] connect(): start_ssl_client: connect failed: -32512
W: Failed to get timezone offset from API, HTTP code: -1
E (67785) task_wdt: esp_task_wdt_reset(705): task not found
[ 68089][E][ssl_client.cpp:36] _handle_error(): [start_ssl_client():302]: (-32512) SSL - Memory allocation failed
[ 68100][E][NetworkClientSecure.cpp:159] connect(): start_ssl_client: connect failed: -32512
W: Failed to get timezone offset from API, HTTP code: -1
E (68108) task_wdt: esp_task_wdt_reset(705): task not found
E (68109) task_wdt: esp_task_wdt_reset(705): task not found
E (68110) task_wdt: esp_task_wdt_reset(705): task not found
E (68115) task_wdt: esp_task_wdt_reset(705): task not found
E (68121) task_wdt: esp_task_wdt_reset(705): task not found
E (68126) task_wdt: esp_task_wdt_reset(705): task not found
E (68131) task_wdt: esp_task_wdt_reset(705): task not found
E (68136) task_wdt: esp_task_wdt_reset(705): task not found
E (68142) task_wdt: esp_task_wdt_reset(705): task not found
E (68147) task_wdt: esp_task_wdt_reset(705): task not found
E (68152) task_wdt: esp_task_wdt_reset(705): task not found
E (68157) task_wdt: esp_task_wdt_reset(705): task not found
E (68163) task_wdt: esp_task_wdt_reset(705): task not found
E (68168) task_wdt: esp_task_wdt_reset(705): task not found
E (68173) task_wdt: esp_task_wdt_reset(705): task not found
E (68178) task_wdt: esp_task_wdt_reset(705): task not found
E (68184) task_wdt: esp_task_wdt_reset(705): task not found
E (68189) task_wdt: esp_task_wdt_reset(705): task not found
E (68194) task_wdt: esp_task_wdt_reset(705): task not found
E (68199) task_wdt: esp_task_wdt_reset(705): task not found
E (68205) task_wdt: esp_task_wdt_reset(705): task not found
E (68210) task_wdt: esp_task_wdt_reset(705): task not found
E (68215) task_wdt: esp_task_wdt_reset(705): task not found
E (68221) task_wdt: esp_task_wdt_reset(705): task not found
E (68226) task_wdt: esp_task_wdt_reset(705): task not found
E (68231) task_wdt: esp_task_wdt_reset(705): task not found
E (68236) task_wdt: esp_task_wdt_reset(705): task not found
E (68242) task_wdt: esp_task_wdt_reset(705): task not found
E (68247) task_wdt: esp_task_wdt_reset(705): task not found
E (68252) task_wdt: esp_task_wdt_reset(705): task not found
E (68257) task_wdt: esp_task_wdt_reset(705): task not found
E (68263) task_wdt: esp_task_wdt_reset(705): task not found
E (68268) task_wdt: esp_task_wdt_reset(705): task not found
E (68273) task_wdt: esp_task_wdt_reset(705): task not found
E (68278) task_wdt: esp_task_wdt_reset(705): task not found
E (68284) task_wdt: esp_task_wdt_reset(705): task not found
E (68289) task_wdt: esp_task_wdt_reset(705): task not found
E (68294) task_wdt: esp_task_wdt_reset(705): task not found
E (68299) task_wdt: esp_task_wdt_reset(705): task not found
I: displayStock - COST ~ 960.84
I: displayStock - NTDOY ~ 16.60
I: displayStock - BTC/USD ~ 89255.99
I: displayStock - USD/CAD ~ 1.36
I: displayStock - GOOGL ~ 336.14
I: Drawing of Stock took 1295 ms
E (69636) task_wdt: esp_task_wdt_reset(705): task not found
[ 70047][E][ssl_client.cpp:36] _handle_error(): [start_ssl_client():302]: (-32512) SSL - Memory allocation failed
[ 70057][E][NetworkClientSecure.cpp:159] connect(): start_ssl_client: connect failed: -32512
W: Failed to get timezone offset from API, HTTP code: -1
E (70065) task_wdt: esp_task_wdt_reset(705): task not found
E (70066) task_wdt: esp_task_wdt_reset(705): task not found
E (70067) task_wdt: esp_task_wdt_reset(705): task not found
E (70072) task_wdt: esp_task_wdt_reset(705): task not found
E (70077) task_wdt: esp_task_wdt_reset(705): task not found
E (70083) task_wdt: esp_task_wdt_reset(705): task not found
E (70088) task_wdt: esp_task_wdt_reset(705): task not found
E (70093) task_wdt: esp_task_wdt_reset(705): task not found
E (70099) task_wdt: esp_task_wdt_reset(705): task not found
E (70104) task_wdt: esp_task_wdt_reset(705): task not found
E (70109) task_wdt: esp_task_wdt_reset(705): task not found
E (70114) task_wdt: esp_task_wdt_reset(705): task not found
E (70120) task_wdt: esp_task_wdt_reset(705): task not found
E (70125) task_wdt: esp_task_wdt_reset(705): task not found
E (70130) task_wdt: esp_task_wdt_reset(705): task not found
E (70135) task_wdt: esp_task_wdt_reset(705): task not found
E (70141) task_wdt: esp_task_wdt_reset(705): task not found
E (70146) task_wdt: esp_task_wdt_reset(705): task not found
E (70151) task_wdt: esp_task_wdt_reset(705): task not found
E (70156) task_wdt: esp_task_wdt_reset(705): task not found
E (70162) task_wdt: esp_task_wdt_reset(705): task not found
E (70167) task_wdt: esp_task_wdt_reset(705): task not found
E (70172) task_wdt: esp_task_wdt_reset(705): task not found
E (70178) task_wdt: esp_task_wdt_reset(705): task not found
E (70183) task_wdt: esp_task_wdt_reset(705): task not found
E (70188) task_wdt: esp_task_wdt_reset(705): task not found
E (70193) task_wdt: esp_task_wdt_reset(705): task not found
E (70199) task_wdt: esp_task_wdt_reset(705): task not found
E (70204) task_wdt: esp_task_wdt_reset(705): task not found
E (70209) task_wdt: esp_task_wdt_reset(705): task not found
E (70214) task_wdt: esp_task_wdt_reset(705): task not found
E (70220) task_wdt: esp_task_wdt_reset(705): task not found
E (70225) task_wdt: esp_task_wdt_reset(705): task not found
E (70230) task_wdt: esp_task_wdt_reset(705): task not found
E (70235) task_wdt: esp_task_wdt_reset(705): task not found
E (70241) task_wdt: esp_task_wdt_reset(705): task not found
E (70246) task_wdt: esp_task_wdt_reset(705): task not found
E (70251) task_wdt: esp_task_wdt_reset(705): task not found
E (70256) task_wdt: esp_task_wdt_reset(705): task not found
E (70262) task_wdt: esp_task_wdt_reset(705): task not found
E (70267) task_wdt: esp_task_wdt_reset(705): task not found
E (70272) task_wdt: esp_task_wdt_reset(705): task not found
E (70277) task_wdt: esp_task_wdt_reset(705): task not found
E (70283) task_wdt: esp_task_wdt_reset(705): task not found
E (70288) task_wdt: esp_task_wdt_reset(705): task not found
E (70293) task_wdt: esp_task_wdt_reset(705): task not found
E (70299) task_wdt: esp_task_wdt_reset(705): task not found
E (70304) task_wdt: esp_task_wdt_reset(705): task not found
E (70309) task_wdt: esp_task_wdt_reset(705): task not found
E (70314) task_wdt: esp_task_wdt_reset(705): task not found
E (70319) task_wdt: esp_task_wdt_reset(705): task not found
E (70325) task_wdt: esp_task_wdt_reset(705): task not found
E (70330) task_wdt: esp_task_wdt_reset(705): task not found
E (70335) task_wdt: esp_task_wdt_reset(705): task not found
E (70341) task_wdt: esp_task_wdt_reset(705): task not found
E (70346) task_wdt: esp_task_wdt_reset(705): task not found
E (70351) task_wdt: esp_task_wdt_reset(705): task not found
E (70356) task_wdt: esp_task_wdt_reset(705): task not found
E (70362) task_wdt: esp_task_wdt_reset(705): task not found
E (70367) task_wdt: esp_task_wdt_reset(705): task not found
E (70372) task_wdt: esp_task_wdt_reset(705): task not found
E (70377) task_wdt: esp_task_wdt_reset(705): task not found
E (70383) task_wdt: esp_task_wdt_reset(705): task not found
E (70388) task_wdt: esp_task_wdt_reset(705): task not found
E (70393) task_wdt: esp_task_wdt_reset(705): task not found
E (70399) task_wdt: esp_task_wdt_reset(705): task not found
E (70404) task_wdt: esp_task_wdt_reset(705): task not found
E (70409) task_wdt: esp_task_wdt_reset(705): task not found
E (70414) task_wdt: esp_task_wdt_reset(705): task not found
E (70420) task_wdt: esp_task_wdt_reset(705): task not found
E (70425) task_wdt: esp_task_wdt_reset(705): task not found
E (70430) task_wdt: esp_task_wdt_reset(705): task not found
E (70435) task_wdt: esp_task_wdt_reset(705): task not found
E (70441) task_wdt: esp_task_wdt_reset(705): task not found
E (70446) task_wdt: esp_task_wdt_reset(705): task not found
E (70451) task_wdt: esp_task_wdt_reset(705): task not found
E (70456) task_wdt: esp_task_wdt_reset(705): task not found
E (70462) task_wdt: esp_task_wdt_reset(705): task not found
E (70467) task_wdt: esp_task_wdt_reset(705): task not found
E (70472) task_wdt: esp_task_wdt_reset(705): task not found
E (70477) task_wdt: esp_task_wdt_reset(705): task not found
E (70483) task_wdt: esp_task_wdt_reset(705): task not found
E (70488) task_wdt: esp_task_wdt_reset(705): task not found
E (70493) task_wdt: esp_task_wdt_reset(705): task not found
E (70498) task_wdt: esp_task_wdt_reset(705): task not found
E (70504) task_wdt: esp_task_wdt_reset(705): task not found
E (70509) task_wdt: esp_task_wdt_reset(705): task not found
E (70514) task_wdt: esp_task_wdt_reset(705): task not found
E (70520) task_wdt: esp_task_wdt_reset(705): task not found
E (70525) task_wdt: esp_task_wdt_reset(705): task not found
E (70530) task_wdt: esp_task_wdt_reset(705): task not found
E (70535) task_wdt: esp_task_wdt_reset(705): task not found
E (70541) task_wdt: esp_task_wdt_reset(705): task not found
E (70546) task_wdt: esp_task_wdt_reset(705): task not found
E (70551) task_wdt: esp_task_wdt_reset(705): task not found
E (70556) task_wdt: esp_task_wdt_reset(705): task not found
E (70562) task_wdt: esp_task_wdt_reset(705): task not found
E (70567) task_wdt: esp_task_wdt_reset(705): task not found
E (70572) task_wdt: esp_task_wdt_reset(705): task not found
E (70577) task_wdt: esp_task_wdt_reset(705): task not found
E (70583) task_wdt: esp_task_wdt_reset(705): task not found
E (70588) task_wdt: esp_task_wdt_reset(705): task not found
E (70593) task_wdt: esp_task_wdt_reset(705): task not found
E (70598) task_wdt: esp_task_wdt_reset(705): task not found
E (70604) task_wdt: esp_task_wdt_reset(705): task not found
E (70609) task_wdt: esp_task_wdt_reset(705): task not found
E (70614) task_wdt: esp_task_wdt_reset(705): task not found
E (70619) task_wdt: esp_task_wdt_reset(705): task not found
E (70625) task_wdt: esp_task_wdt_reset(705): task not found
E (70630) task_wdt: esp_task_wdt_reset(705): task not found
E (70635) task_wdt: esp_task_wdt_reset(705): task not found
[ 71165][E][ssl_client.cpp:36] _handle_error(): [start_ssl_client():302]: (-32512) SSL - Memory allocation failed
[ 71175][E][NetworkClientSecure.cpp:159] connect(): start_ssl_client: connect failed: -32512
W: Failed to get timezone offset from API, HTTP code: -1
E (71183) task_wdt: esp_task_wdt_reset(705): task not found
E (71185) task_wdt: esp_task_wdt_reset(705): task not found
E (71186) task_wdt: esp_task_wdt_reset(705): task not found
E (71190) task_wdt: esp_task_wdt_reset(705): task not found
E (71195) task_wdt: esp_task_wdt_reset(705): task not found
E (71201) task_wdt: esp_task_wdt_reset(705): task not found
E (71206) task_wdt: esp_task_wdt_reset(705): task not found
E (71211) task_wdt: esp_task_wdt_reset(705): task not found
E (71216) task_wdt: esp_task_wdt_reset(705): task not found
E (71222) task_wdt: esp_task_wdt_reset(705): task not found
E (71227) task_wdt: esp_task_wdt_reset(705): task not found
E (71232) task_wdt: esp_task_wdt_reset(705): task not found
E (71237) task_wdt: esp_task_wdt_reset(705): task not found
E (71243) task_wdt: esp_task_wdt_reset(705): task not found
E (71248) task_wdt: esp_task_wdt_reset(705): task not found
E (71253) task_wdt: esp_task_wdt_reset(705): task not found
E (71258) task_wdt: esp_task_wdt_reset(705): task not found
E (71264) task_wdt: esp_task_wdt_reset(705): task not found
E (71269) task_wdt: esp_task_wdt_reset(705): task not found
E (71274) task_wdt: esp_task_wdt_reset(705): task not found
E (71279) task_wdt: esp_task_wdt_reset(705): task not found
E (71285) task_wdt: esp_task_wdt_reset(705): task not found
E (71290) task_wdt: esp_task_wdt_reset(705): task not found
E (71295) task_wdt: esp_task_wdt_reset(705): task not found
E (71301) task_wdt: esp_task_wdt_reset(705): task not found
E (71306) task_wdt: esp_task_wdt_reset(705): task not found
E (71311) task_wdt: esp_task_wdt_reset(705): task not found
E (71316) task_wdt: esp_task_wdt_reset(705): task not found
E (71322) task_wdt: esp_task_wdt_reset(705): task not found
E (71327) task_wdt: esp_task_wdt_reset(705): task not found
E (71332) task_wdt: esp_task_wdt_reset(705): task not found
E (71337) task_wdt: esp_task_wdt_reset(705): task not found
E (71343) task_wdt: esp_task_wdt_reset(705): task not found
E (71348) task_wdt: esp_task_wdt_reset(705): task not found
E (71353) task_wdt: esp_task_wdt_reset(705): task not found
E (71358) task_wdt: esp_task_wdt_reset(705): task not found
E (71364) task_wdt: esp_task_wdt_reset(705): task not found
E (71369) task_wdt: esp_task_wdt_reset(705): task not found
E (71374) task_wdt: esp_task_wdt_reset(705): task not found
E (71379) task_wdt: esp_task_wdt_reset(705): task not found
E (71385) task_wdt: esp_task_wdt_reset(705): task not found
E (71390) task_wdt: esp_task_wdt_reset(705): task not found
E (71395) task_wdt: esp_task_wdt_reset(705): task not found
E (71400) task_wdt: esp_task_wdt_reset(705): task not found
E (71406) task_wdt: esp_task_wdt_reset(705): task not found
E (71411) task_wdt: esp_task_wdt_reset(705): task not found
E (71416) task_wdt: esp_task_wdt_reset(705): task not found
E (71422) task_wdt: esp_task_wdt_reset(705): task not found
E (71427) task_wdt: esp_task_wdt_reset(705): task not found
E (71432) task_wdt: esp_task_wdt_reset(705): task not found
E (71437) task_wdt: esp_task_wdt_reset(705): task not found
E (71443) task_wdt: esp_task_wdt_reset(705): task not found
E (71448) task_wdt: esp_task_wdt_reset(705): task not found
E (71453) task_wdt: esp_task_wdt_reset(705): task not found
E (71458) task_wdt: esp_task_wdt_reset(705): task not found
E (71464) task_wdt: esp_task_wdt_reset(705): task not found
E (71469) task_wdt: esp_task_wdt_reset(705): task not found
E (71474) task_wdt: esp_task_wdt_reset(705): task not found
E (71479) task_wdt: esp_task_wdt_reset(705): task not found
E (71485) task_wdt: esp_task_wdt_reset(705): task not found
E (71490) task_wdt: esp_task_wdt_reset(705): task not found
E (71495) task_wdt: esp_task_wdt_reset(705): task not found
E (71500) task_wdt: esp_task_wdt_reset(705): task not found
E (71506) task_wdt: esp_task_wdt_reset(705): task not found
E (71511) task_wdt: esp_task_wdt_reset(705): task not found
E (71516) task_wdt: esp_task_wdt_reset(705): task not found
E (71521) task_wdt: esp_task_wdt_reset(705): task not found
E (71527) task_wdt: esp_task_wdt_reset(705): task not found
E (71532) task_wdt: esp_task_wdt_reset(705): task not found
E (71537) task_wdt: esp_task_wdt_reset(705): task not found
E (71543) task_wdt: esp_task_wdt_reset(705): task not found
E (71548) task_wdt: esp_task_wdt_reset(705): task not found
E (71553) task_wdt: esp_task_wdt_reset(705): task not found
E (71558) task_wdt: esp_task_wdt_reset(705): task not found
E (71564) task_wdt: esp_task_wdt_reset(705): task not found
E (71569) task_wdt: esp_task_wdt_reset(705): task not found
E (71574) task_wdt: esp_task_wdt_reset(705): task not found
E (71579) task_wdt: esp_task_wdt_reset(705): task not found
E (71585) task_wdt: esp_task_wdt_reset(705): task not found
E (71590) task_wdt: esp_task_wdt_reset(705): task not found
E (71595) task_wdt: esp_task_wdt_reset(705): task not found
E (71600) task_wdt: esp_task_wdt_reset(705): task not found
E (71606) task_wdt: esp_task_wdt_reset(705): task not found
E (71611) task_wdt: esp_task_wdt_reset(705): task not found
E (71616) task_wdt: esp_task_wdt_reset(705): task not found
E (71621) task_wdt: esp_task_wdt_reset(705): task not found
E (71627) task_wdt: esp_task_wdt_reset(705): task not found
E (71632) task_wdt: esp_task_wdt_reset(705): task not found
E (71637) task_wdt: esp_task_wdt_reset(705): task not found
[ 71990][E][ssl_client.cpp:36] _handle_error(): [start_ssl_client():302]: (-32512) SSL - Memory allocation failed
[ 72000][E][NetworkClientSecure.cpp:159] connect(): start_ssl_client: connect failed: -32512
W: Failed to get timezone offset from API, HTTP code: -1
E (72007) task_wdt: esp_task_wdt_reset(705): task not found
E (72009) task_wdt: esp_task_wdt_reset(705): task not found
E (72010) task_wdt: esp_task_wdt_reset(705): task not found
E (72015) task_wdt: esp_task_wdt_reset(705): task not found
E (72020) task_wdt: esp_task_wdt_reset(705): task not found
E (72025) task_wdt: esp_task_wdt_reset(705): task not found
E (72031) task_wdt: esp_task_wdt_reset(705): task not found
E (72036) task_wdt: esp_task_wdt_reset(705): task not found
E (72041) task_wdt: esp_task_wdt_reset(705): task not found
E (72046) task_wdt: esp_task_wdt_reset(705): task not found
E (72052) task_wdt: esp_task_wdt_reset(705): task not found
E (72057) task_wdt: esp_task_wdt_reset(705): task not found
E (72062) task_wdt: esp_task_wdt_reset(705): task not found
E (72067) task_wdt: esp_task_wdt_reset(705): task not found
E (72073) task_wdt: esp_task_wdt_reset(705): task not found
E (72078) task_wdt: esp_task_wdt_reset(705): task not found
E (72083) task_wdt: esp_task_wdt_reset(705): task not found
E (72088) task_wdt: esp_task_wdt_reset(705): task not found
E (72094) task_wdt: esp_task_wdt_reset(705): task not found
E (72099) task_wdt: esp_task_wdt_reset(705): task not found
E (72104) task_wdt: esp_task_wdt_reset(705): task not found
E (72110) task_wdt: esp_task_wdt_reset(705): task not found
E (72115) task_wdt: esp_task_wdt_reset(705): task not found
E (72120) task_wdt: esp_task_wdt_reset(705): task not found
E (72125) task_wdt: esp_task_wdt_reset(705): task not found
E (72131) task_wdt: esp_task_wdt_reset(705): task not found
E (72136) task_wdt: esp_task_wdt_reset(705): task not found
E (72141) task_wdt: esp_task_wdt_reset(705): task not found
E (72146) task_wdt: esp_task_wdt_reset(705): task not found
E (72152) task_wdt: esp_task_wdt_reset(705): task not found
E (72157) task_wdt: esp_task_wdt_reset(705): task not found
E (72162) task_wdt: esp_task_wdt_reset(705): task not found
E (72167) task_wdt: esp_task_wdt_reset(705): task not found
E (72173) task_wdt: esp_task_wdt_reset(705): task not found
E (72178) task_wdt: esp_task_wdt_reset(705): task not found
E (72183) task_wdt: esp_task_wdt_reset(705): task not found
E (72188) task_wdt: esp_task_wdt_reset(705): task not found
E (72194) task_wdt: esp_task_wdt_reset(705): task not found
E (72199) task_wdt: esp_task_wdt_reset(705): task not found
E (72204) task_wdt: esp_task_wdt_reset(705): task not found
E (72210) task_wdt: esp_task_wdt_reset(705): task not found
E (72215) task_wdt: esp_task_wdt_reset(705): task not found
E (72220) task_wdt: esp_task_wdt_reset(705): task not found
E (72225) task_wdt: esp_task_wdt_reset(705): task not found
E (72231) task_wdt: esp_task_wdt_reset(705): task not found
E (72236) task_wdt: esp_task_wdt_reset(705): task not found
E (72241) task_wdt: esp_task_wdt_reset(705): task not found
E (72246) task_wdt: esp_task_wdt_reset(705): task not found
E (72252) task_wdt: esp_task_wdt_reset(705): task not found
E (72257) task_wdt: esp_task_wdt_reset(705): task not found
E (72262) task_wdt: esp_task_wdt_reset(705): task not found
E (72267) task_wdt: esp_task_wdt_reset(705): task not found
E (72273) task_wdt: esp_task_wdt_reset(705): task not found
E (72278) task_wdt: esp_task_wdt_reset(705): task not found
E (72283) task_wdt: esp_task_wdt_reset(705): task not found
E (72288) task_wdt: esp_task_wdt_reset(705): task not found
E (72294) task_wdt: esp_task_wdt_reset(705): task not found
E (72299) task_wdt: esp_task_wdt_reset(705): task not found
E (72304) task_wdt: esp_task_wdt_reset(705): task not found
E (72309) task_wdt: esp_task_wdt_reset(705): task not found
E (72315) task_wdt: esp_task_wdt_reset(705): task not found
E (72320) task_wdt: esp_task_wdt_reset(705): task not found
E (72325) task_wdt: esp_task_wdt_reset(705): task not found
E (72331) task_wdt: esp_task_wdt_reset(705): task not found
E (72336) task_wdt: esp_task_wdt_reset(705): task not found
E (72341) task_wdt: esp_task_wdt_reset(705): task not found
E (72346) task_wdt: esp_task_wdt_reset(705): task not found
E (72352) task_wdt: esp_task_wdt_reset(705): task not found
E (72357) task_wdt: esp_task_wdt_reset(705): task not found
E (72362) task_wdt: esp_task_wdt_reset(705): task not found
E (72367) task_wdt: esp_task_wdt_reset(705): task not found
E (72373) task_wdt: esp_task_wdt_reset(705): task not found
E (72378) task_wdt: esp_task_wdt_reset(705): task not found
E (72383) task_wdt: esp_task_wdt_reset(705): task not found
E (72388) task_wdt: esp_task_wdt_reset(705): task not found
E (72394) task_wdt: esp_task_wdt_reset(705): task not found
E (72399) task_wdt: esp_task_wdt_reset(705): task not found
E (72404) task_wdt: esp_task_wdt_reset(705): task not found
E (72409) task_wdt: esp_task_wdt_reset(705): task not found
E (72415) task_wdt: esp_task_wdt_reset(705): task not found
E (72420) task_wdt: esp_task_wdt_reset(705): task not found
E (72425) task_wdt: esp_task_wdt_reset(705): task not found
E (72430) task_wdt: esp_task_wdt_reset(705): task not found
E (72436) task_wdt: esp_task_wdt_reset(705): task not found
E (72441) task_wdt: esp_task_wdt_reset(705): task not found
E (72446) task_wdt: esp_task_wdt_reset(705): task not found
E (72452) task_wdt: esp_task_wdt_reset(705): task not found
E (72457) task_wdt: esp_task_wdt_reset(705): task not found
E (72462) task_wdt: esp_task_wdt_reset(705): task not found
E (72467) task_wdt: esp_task_wdt_reset(705): task not found
E (72472) task_wdt: esp_task_wdt_reset(705): task not found
E (72478) task_wdt: esp_task_wdt_reset(705): task not found
E (72483) task_wdt: esp_task_wdt_reset(705): task not found
E (72488) task_wdt: esp_task_wdt_reset(705): task not found
E (72494) task_wdt: esp_task_wdt_reset(705): task not found
E (72499) task_wdt: esp_task_wdt_reset(705): task not found
E (72504) task_wdt: esp_task_wdt_reset(705): task not found
E (72509) task_wdt: esp_task_wdt_reset(705): task not found
E (72515) task_wdt: esp_task_wdt_reset(705): task not found
E (72520) task_wdt: esp_task_wdt_reset(705): task not found
E (72525) task_wdt: esp_task_wdt_reset(705): task not found
E (72530) task_wdt: esp_task_wdt_reset(705): task not found
E (72536) task_wdt: esp_task_wdt_reset(705): task not found
E (72541) task_wdt: esp_task_wdt_reset(705): task not found
E (72546) task_wdt: esp_task_wdt_reset(705): task not found
E (72551) task_wdt: esp_task_wdt_reset(705): task not found
E (72557) task_wdt: esp_task_wdt_reset(705): task not found
E (72562) task_wdt: esp_task_wdt_reset(705): task not found
E (72568) task_wdt: esp_task_wdt_reset(705): task not found
E (72572) task_wdt: esp_task_wdt_reset(705): task not found
E (72578) task_wdt: esp_task_wdt_reset(705): task not found
E (72583) task_wdt: esp_task_wdt_reset(705): task not found
E (72588) task_wdt: esp_task_wdt_reset(705): task not found
E (72594) task_wdt: esp_task_wdt_reset(705): task not found
E (72599) task_wdt: esp_task_wdt_reset(705): task not found
E (72604) task_wdt: esp_task_wdt_reset(705): task not found
E (72609) task_wdt: esp_task_wdt_reset(705): task not found
E (72615) task_wdt: esp_task_wdt_reset(705): task not found
E (72620) task_wdt: esp_task_wdt_reset(705): task not found
E (72625) task_wdt: esp_task_wdt_reset(705): task not found
E (72630) task_wdt: esp_task_wdt_reset(705): task not found
E (72636) task_wdt: esp_task_wdt_reset(705): task not found
E (72641) task_wdt: esp_task_wdt_reset(705): task not found
[ 73014][E][ssl_client.cpp:36] _handle_error(): [start_ssl_client():302]: (-32512) SSL - Memory allocation failed
[ 73024][E][NetworkClientSecure.cpp:159] connect(): start_ssl_client: connect failed: -32512
W: Failed to get timezone offset from API, HTTP code: -1
E (73031) task_wdt: esp_task_wdt_reset(705): task not found
E (73033) task_wdt: esp_task_wdt_reset(705): task not found
E (73034) task_wdt: esp_task_wdt_reset(705): task not found
E (73039) task_wdt: esp_task_wdt_reset(705): task not found
E (73044) task_wdt: esp_task_wdt_reset(705): task not found
E (73050) task_wdt: esp_task_wdt_reset(705): task not found
E (73055) task_wdt: esp_task_wdt_reset(705): task not found
E (73060) task_wdt: esp_task_wdt_reset(705): task not found
E (73065) task_wdt: esp_task_wdt_reset(705): task not found
E (73071) task_wdt: esp_task_wdt_reset(705): task not found
E (73076) task_wdt: esp_task_wdt_reset(705): task not found
E (73081) task_wdt: esp_task_wdt_reset(705): task not found
E (73086) task_wdt: esp_task_wdt_reset(705): task not found
E (73092) task_wdt: esp_task_wdt_reset(705): task not found
E (73097) task_wdt: esp_task_wdt_reset(705): task not found
E (73102) task_wdt: esp_task_wdt_reset(705): task not found
E (73107) task_wdt: esp_task_wdt_reset(705): task not found
E (73113) task_wdt: esp_task_wdt_reset(705): task not found
E (73118) task_wdt: esp_task_wdt_reset(705): task not found
E (73123) task_wdt: esp_task_wdt_reset(705): task not found
E (73128) task_wdt: esp_task_wdt_reset(705): task not found
E (73134) task_wdt: esp_task_wdt_reset(705): task not found
E (73139) task_wdt: esp_task_wdt_reset(705): task not found
E (73144) task_wdt: esp_task_wdt_reset(705): task not found
E (73149) task_wdt: esp_task_wdt_reset(705): task not found
E (73155) task_wdt: esp_task_wdt_reset(705): task not found
E (73160) task_wdt: esp_task_wdt_reset(705): task not found
E (73165) task_wdt: esp_task_wdt_reset(705): task not found
E (73171) task_wdt: esp_task_wdt_reset(705): task not found
E (73176) task_wdt: esp_task_wdt_reset(705): task not found
E (73181) task_wdt: esp_task_wdt_reset(705): task not found
E (73187) task_wdt: esp_task_wdt_reset(705): task not found
E (73192) task_wdt: esp_task_wdt_reset(705): task not found
E (73197) task_wdt: esp_task_wdt_reset(705): task not found
E (73202) task_wdt: esp_task_wdt_reset(705): task not found
E (73207) task_wdt: esp_task_wdt_reset(705): task not found
E (73213) task_wdt: esp_task_wdt_reset(705): task not found
E (73218) task_wdt: esp_task_wdt_reset(705): task not found
E (73223) task_wdt: esp_task_wdt_reset(705): task not found
E (73228) task_wdt: esp_task_wdt_reset(705): task not found
E (73234) task_wdt: esp_task_wdt_reset(705): task not found
E (73239) task_wdt: esp_task_wdt_reset(705): task not found
E (73244) task_wdt: esp_task_wdt_reset(705): task not found
E (73249) task_wdt: esp_task_wdt_reset(705): task not found
E (73255) task_wdt: esp_task_wdt_reset(705): task not found
E (73260) task_wdt: esp_task_wdt_reset(705): task not found
E (73265) task_wdt: esp_task_wdt_reset(705): task not found
E (73270) task_wdt: esp_task_wdt_reset(705): task not found
E (73276) task_wdt: esp_task_wdt_reset(705): task not found
E (73281) task_wdt: esp_task_wdt_reset(705): task not found
E (73286) task_wdt: esp_task_wdt_reset(705): task not found
E (73292) task_wdt: esp_task_wdt_reset(705): task not found
E (73297) task_wdt: esp_task_wdt_reset(705): task not found
E (73302) task_wdt: esp_task_wdt_reset(705): task not found
E (73307) task_wdt: esp_task_wdt_reset(705): task not found
E (73313) task_wdt: esp_task_wdt_reset(705): task not found
E (73318) task_wdt: esp_task_wdt_reset(705): task not found
E (73323) task_wdt: esp_task_wdt_reset(705): task not found
E (73328) task_wdt: esp_task_wdt_reset(705): task not found
E (73334) task_wdt: esp_task_wdt_reset(705): task not found
E (73339) task_wdt: esp_task_wdt_reset(705): task not found
E (73344) task_wdt: esp_task_wdt_reset(705): task not found
E (73349) task_wdt: esp_task_wdt_reset(705): task not found
E (73355) task_wdt: esp_task_wdt_reset(705): task not found
E (73360) task_wdt: esp_task_wdt_reset(705): task not found
E (73365) task_wdt: esp_task_wdt_reset(705): task not found
E (73370) task_wdt: esp_task_wdt_reset(705): task not found
E (73376) task_wdt: esp_task_wdt_reset(705): task not found
E (73381) task_wdt: esp_task_wdt_reset(705): task not found
E (73386) task_wdt: esp_task_wdt_reset(705): task not found
E (73391) task_wdt: esp_task_wdt_reset(705): task not found
E (73397) task_wdt: esp_task_wdt_reset(705): task not found
E (73402) task_wdt: esp_task_wdt_reset(705): task not found
E (73407) task_wdt: esp_task_wdt_reset(705): task not found
E (73412) task_wdt: esp_task_wdt_reset(705): task not found
E (73418) task_wdt: esp_task_wdt_reset(705): task not found
E (73423) task_wdt: esp_task_wdt_reset(705): task not found
E (73428) task_wdt: esp_task_wdt_reset(705): task not found
E (73434) task_wdt: esp_task_wdt_reset(705): task not found
E (73439) task_wdt: esp_task_wdt_reset(705): task not found
E (73444) task_wdt: esp_task_wdt_reset(705): task not found
E (73449) task_wdt: esp_task_wdt_reset(705): task not found
E (73455) task_wdt: esp_task_wdt_reset(705): task not found
E (73460) task_wdt: esp_task_wdt_reset(705): task not found
E (73465) task_wdt: esp_task_wdt_reset(705): task not found
E (73470) task_wdt: esp_task_wdt_reset(705): task not found
E (73476) task_wdt: esp_task_wdt_reset(705): task not found
E (73481) task_wdt: esp_task_wdt_reset(705): task not found
E (73486) task_wdt: esp_task_wdt_reset(705): task not found
E (73491) task_wdt: esp_task_wdt_reset(705): task not found
E (73497) task_wdt: esp_task_wdt_reset(705): task not found
E (73502) task_wdt: esp_task_wdt_reset(705): task not found
E (73507) task_wdt: esp_task_wdt_reset(705): task not found
E (73512) task_wdt: esp_task_wdt_reset(705): task not found
E (73518) task_wdt: esp_task_wdt_reset(705): task not found
E (73523) task_wdt: esp_task_wdt_reset(705): task not found
E (73528) task_wdt: esp_task_wdt_reset(705): task not found
E (73533) task_wdt: esp_task_wdt_reset(705): task not found
E (73539) task_wdt: esp_task_wdt_reset(705): task not found
E (73544) task_wdt: esp_task_wdt_reset(705): task not found
E (73549) task_wdt: esp_task_wdt_reset(705): task not found
E (73555) task_wdt: esp_task_wdt_reset(705): task not found
E (73560) task_wdt: esp_task_wdt_reset(705): task not found
E (73565) task_wdt: esp_task_wdt_reset(705): task not found
E (73570) task_wdt: esp_task_wdt_reset(705): task not found
E (73576) task_wdt: esp_task_wdt_reset(705): task not found
E (73581) task_wdt: esp_task_wdt_reset(705): task not found
E (73586) task_wdt: esp_task_wdt_reset(705): task not found
E (73591) task_wdt: esp_task_wdt_reset(705): task not found
E (73597) task_wdt: esp_task_wdt_reset(705): task not found
E (73602) task_wdt: esp_task_wdt_reset(705): task not found
E (73607) task_wdt: esp_task_wdt_reset(705): task not found
E (73612) task_wdt: esp_task_wdt_reset(705): task not found
E (73618) task_wdt: esp_task_wdt_reset(705): task not found
E (73623) task_wdt: esp_task_wdt_reset(705): task not found
E (73628) task_wdt: esp_task_wdt_reset(705): task not found
E (73633) task_wdt: esp_task_wdt_reset(705): task not found
E (73639) task_wdt: esp_task_wdt_reset(705): task not found
E (73644) task_wdt: esp_task_wdt_reset(705): task not found
[ 73914][E][ssl_client.cpp:36] _handle_error(): [start_ssl_client():302]: (-32512) SSL - Memory allocation failed
[ 73925][E][NetworkClientSecure.cpp:159] connect(): start_ssl_client: connect failed: -32512
W: Failed to get timezone offset from API, HTTP code: -1
E (73934) task_wdt: esp_task_wdt_reset(705): task not found
E (73936) task_wdt: esp_task_wdt_reset(705): task not found
E (73937) task_wdt: esp_task_wdt_reset(705): task not found
E (73941) task_wdt: esp_task_wdt_reset(705): task not found
E (73946) task_wdt: esp_task_wdt_reset(705): task not found
E (73951) task_wdt: esp_task_wdt_reset(705): task not found
E (73956) task_wdt: esp_task_wdt_reset(705): task not found
E (73962) task_wdt: esp_task_wdt_reset(705): task not found
E (73967) task_wdt: esp_task_wdt_reset(705): task not found
E (73972) task_wdt: esp_task_wdt_reset(705): task not found
E (73978) task_wdt: esp_task_wdt_reset(705): task not found
E (73983) task_wdt: esp_task_wdt_reset(705): task not found
E (73988) task_wdt: esp_task_wdt_reset(705): task not found
E (73993) task_wdt: esp_task_wdt_reset(705): task not found
E (73999) task_wdt: esp_task_wdt_reset(705): task not found
E (74004) task_wdt: esp_task_wdt_reset(705): task not found
E (74009) task_wdt: esp_task_wdt_reset(705): task not found
E (74014) task_wdt: esp_task_wdt_reset(705): task not found
E (74020) task_wdt: esp_task_wdt_reset(705): task not found
E (74025) task_wdt: esp_task_wdt_reset(705): task not found
E (74030) task_wdt: esp_task_wdt_reset(705): task not found
E (74035) task_wdt: esp_task_wdt_reset(705): task not found
E (74041) task_wdt: esp_task_wdt_reset(705): task not found
E (74046) task_wdt: esp_task_wdt_reset(705): task not found
E (74051) task_wdt: esp_task_wdt_reset(705): task not found
E (74056) task_wdt: esp_task_wdt_reset(705): task not found
E (74062) task_wdt: esp_task_wdt_reset(705): task not found
E (74067) task_wdt: esp_task_wdt_reset(705): task not found
E (74072) task_wdt: esp_task_wdt_reset(705): task not found
E (74077) task_wdt: esp_task_wdt_reset(705): task not found
E (74083) task_wdt: esp_task_wdt_reset(705): task not found
E (74088) task_wdt: esp_task_wdt_reset(705): task not found
E (74093) task_wdt: esp_task_wdt_reset(705): task not found
E (74099) task_wdt: esp_task_wdt_reset(705): task not found
E (74104) task_wdt: esp_task_wdt_reset(705): task not found
E (74109) task_wdt: esp_task_wdt_reset(705): task not found
E (74114) task_wdt: esp_task_wdt_reset(705): task not found
E (74120) task_wdt: esp_task_wdt_reset(705): task not found
E (74125) task_wdt: esp_task_wdt_reset(705): task not found
E (74130) task_wdt: esp_task_wdt_reset(705): task not found
E (74135) task_wdt: esp_task_wdt_reset(705): task not found
E (74141) task_wdt: esp_task_wdt_reset(705): task not found
E (74146) task_wdt: esp_task_wdt_reset(705): task not found
E (74151) task_wdt: esp_task_wdt_reset(705): task not found
E (74156) task_wdt: esp_task_wdt_reset(705): task not found
E (74162) task_wdt: esp_task_wdt_reset(705): task not found
E (74167) task_wdt: esp_task_wdt_reset(705): task not found
E (74172) task_wdt: esp_task_wdt_reset(705): task not found
E (74177) task_wdt: esp_task_wdt_reset(705): task not found
E (74183) task_wdt: esp_task_wdt_reset(705): task not found
E (74188) task_wdt: esp_task_wdt_reset(705): task not found
E (74193) task_wdt: esp_task_wdt_reset(705): task not found
E (74198) task_wdt: esp_task_wdt_reset(705): task not found
E (74204) task_wdt: esp_task_wdt_reset(705): task not found
E (74209) task_wdt: esp_task_wdt_reset(705): task not found
E (74214) task_wdt: esp_task_wdt_reset(705): task not found
E (74220) task_wdt: esp_task_wdt_reset(705): task not found
E (74225) task_wdt: esp_task_wdt_reset(705): task not found
E (74230) task_wdt: esp_task_wdt_reset(705): task not found
E (74235) task_wdt: esp_task_wdt_reset(705): task not found
E (74241) task_wdt: esp_task_wdt_reset(705): task not found
E (74246) task_wdt: esp_task_wdt_reset(705): task not found
E (74251) task_wdt: esp_task_wdt_reset(705): task not found
E (74256) task_wdt: esp_task_wdt_reset(705): task not found
E (74262) task_wdt: esp_task_wdt_reset(705): task not found
E (74267) task_wdt: esp_task_wdt_reset(705): task not found
E (74272) task_wdt: esp_task_wdt_reset(705): task not found
E (74277) task_wdt: esp_task_wdt_reset(705): task not found
E (74283) task_wdt: esp_task_wdt_reset(705): task not found
E (74288) task_wdt: esp_task_wdt_reset(705): task not found
E (74293) task_wdt: esp_task_wdt_reset(705): task not found
E (74298) task_wdt: esp_task_wdt_reset(705): task not found
E (74304) task_wdt: esp_task_wdt_reset(705): task not found
E (74309) task_wdt: esp_task_wdt_reset(705): task not found
E (74314) task_wdt: esp_task_wdt_reset(705): task not found
E (74319) task_wdt: esp_task_wdt_reset(705): task not found
E (74325) task_wdt: esp_task_wdt_reset(705): task not found
E (74330) task_wdt: esp_task_wdt_reset(705): task not found
E (74335) task_wdt: esp_task_wdt_reset(705): task not found
E (74341) task_wdt: esp_task_wdt_reset(705): task not found
E (74346) task_wdt: esp_task_wdt_reset(705): task not found
E (74351) task_wdt: esp_task_wdt_reset(705): task not found
E (74356) task_wdt: esp_task_wdt_reset(705): task not found
E (74362) task_wdt: esp_task_wdt_reset(705): task not found
E (74367) task_wdt: esp_task_wdt_reset(705): task not found
E (74372) task_wdt: esp_task_wdt_reset(705): task not found
E (74377) task_wdt: esp_task_wdt_reset(705): task not found
E (74383) task_wdt: esp_task_wdt_reset(705): task not found
E (74388) task_wdt: esp_task_wdt_reset(705): task not found
E (74393) task_wdt: esp_task_wdt_reset(705): task not found
E (74398) task_wdt: esp_task_wdt_reset(705): task not found
E (74404) task_wdt: esp_task_wdt_reset(705): task not found
E (74409) task_wdt: esp_task_wdt_reset(705): task not found
E (74414) task_wdt: esp_task_wdt_reset(705): task not found
E (74419) task_wdt: esp_task_wdt_reset(705): task not found
E (74425) task_wdt: esp_task_wdt_reset(705): task not found
E (74430) task_wdt: esp_task_wdt_reset(705): task not found
E (74435) task_wdt: esp_task_wdt_reset(705): task not found
E (74441) task_wdt: esp_task_wdt_reset(705): task not found
E (74446) task_wdt: esp_task_wdt_reset(705): task not found
E (74451) task_wdt: esp_task_wdt_reset(705): task not found
E (74456) task_wdt: esp_task_wdt_reset(705): task not found
E (74462) task_wdt: esp_task_wdt_reset(705): task not found
E (74467) task_wdt: esp_task_wdt_reset(705): task not found
E (74472) task_wdt: esp_task_wdt_reset(705): task not found
E (74477) task_wdt: esp_task_wdt_reset(705): task not found
E (74483) task_wdt: esp_task_wdt_reset(705): task not found
E (74488) task_wdt: esp_task_wdt_reset(705): task not found
E (74493) task_wdt: esp_task_wdt_reset(705): task not found
E (74498) task_wdt: esp_task_wdt_reset(705): task not found
E (74504) task_wdt: esp_task_wdt_reset(705): task not found
E (74509) task_wdt: esp_task_wdt_reset(705): task not found
E (74514) task_wdt: esp_task_wdt_reset(705): task not found
E (74519) task_wdt: esp_task_wdt_reset(705): task not found
E (74525) task_wdt: esp_task_wdt_reset(705): task not found
E (74530) task_wdt: esp_task_wdt_reset(705): task not found
E (74535) task_wdt: esp_task_wdt_reset(705): task not found
E (74540) task_wdt: esp_task_wdt_reset(705): task not found
E (74546) task_wdt: esp_task_wdt_reset(705): task not found
E (74551) task_wdt: esp_task_wdt_reset(705): task not found
E (74556) task_wdt: esp_task_wdt_reset(705): task not found
E (74562) task_wdt: esp_task_wdt_reset(705): task not found
E (74567) task_wdt: esp_task_wdt_reset(705): task not found
E (74572) task_wdt: esp_task_wdt_reset(705): task not found
E (74577) task_wdt: esp_task_wdt_reset(705): task not found
E (74583) task_wdt: esp_task_wdt_reset(705): task not found
E (74588) task_wdt: esp_task_wdt_reset(705): task not found
E (74593) task_wdt: esp_task_wdt_reset(705): task not found
E (74598) task_wdt: esp_task_wdt_reset(705): task not found
E (74604) task_wdt: esp_task_wdt_reset(705): task not found
E (74609) task_wdt: esp_task_wdt_reset(705): task not found
E (74614) task_wdt: esp_task_wdt_reset(705): task not found
E (74619) task_wdt: esp_task_wdt_reset(705): task not found
E (74625) task_wdt: esp_task_wdt_reset(705): task not found
E (74630) task_wdt: esp_task_wdt_reset(705): task not found
E (74635) task_wdt: esp_task_wdt_reset(705): task not found
E (74640) task_wdt: esp_task_wdt_reset(705): task not found
E (74647) task_wdt: esp_task_wdt_reset(705): task not found
[ 75054][E][ssl_client.cpp:36] _handle_error(): [start_ssl_client():302]: (-32512) SSL - Memory allocation failed
[ 75066][E][NetworkClientSecure.cpp:159] connect(): start_ssl_client: connect failed: -32512
W: Failed to get timezone offset from API, HTTP code: -1
I: Standings response received - HTTP Code: I307, Response length: 0
: I: Proc✅ Release semaphore
essing standings response...
E: Standings HTTP request failed, error: 307
E: Standings request failed with HTTP code: 307 - cannot fetch schedule
E (75090) task_wdt: esp_task_wdt_reset(705): task not found
E (75093) task_wdt: esp_task_wdt_reset(705): task not found
E (75098) task_wdt: esp_task_wdt_reset(705): task not found
E (75103) task_wdt: esp_task_wdt_reset(705): task not found
E (75108) task_wdt: esp_task_wdt_reset(705): task not found
E (75114) task_wdt: esp_task_wdt_reset(705): task not found
E (75119) task_wdt: esp_task_wdt_reset(705): task not found
E (75124) task_wdt: esp_task_wdt_reset(705): task not found
E (75129) task_wdt: esp_task_wdt_reset(705): task not found
E (75135) task_wdt: esp_task_wdt_reset(705): task not found
E (75140) task_wdt: esp_task_wdt_reset(705): task not found
E (75145) task_wdt: esp_task_wdt_reset(705): task not found
E (75150) task_wdt: esp_task_wdt_reset(705): task not found
E (75156) task_wdt: esp_task_wdt_reset(705): task not found
E (75161) task_wdt: esp_task_wdt_reset(705): task not found
E (75166) task_wdt: esp_task_wdt_reset(705): task not found
E (75171) task_wdt: esp_task_wdt_reset(705): task not found
E (75177) task_wdt: esp_task_wdt_reset(705): task not found
E (75182) task_wdt: esp_task_wdt_reset(705): task not found
E (75187) task_wdt: esp_task_wdt_reset(705): task not found
E (75192) task_wdt: esp_task_wdt_reset(705): task not found
E (75198) task_wdt: esp_task_wdt_reset(705): task not found
E (75203) task_wdt: esp_task_wdt_reset(705): task not found
E (75208) task_wdt: esp_task_wdt_reset(705): task not found
E (75213) task_wdt: esp_task_wdt_reset(705): task not found
E (75219) task_wdt: esp_task_wdt_reset(705): task not found
E (75224) task_wdt: esp_task_wdt_reset(705): task not found
E (75229) task_wdt: esp_task_wdt_reset(705): task not found
E (75235) task_wdt: esp_task_wdt_reset(705): task not found
E (75240) task_wdt: esp_task_wdt_reset(705): task not found
E (75245) task_wdt: esp_task_wdt_reset(705): task not found
E (75250) task_wdt: esp_task_wdt_reset(705): task not found
E (75256) task_wdt: esp_task_wdt_reset(705): task not found
E (75261) task_wdt: esp_task_wdt_reset(705): task not found
E (75266) task_wdt: esp_task_wdt_reset(705): task not found
E (75271) task_wdt: esp_task_wdt_reset(705): task not found
E (75277) task_wdt: esp_task_wdt_reset(705): task not found
E (75282) task_wdt: esp_task_wdt_reset(705): task not found
E (75287) task_wdt: esp_task_wdt_reset(705): task not found
E (75292) task_wdt: esp_task_wdt_reset(705): task not found
E (75298) task_wdt: esp_task_wdt_reset(705): task not found
E (75303) task_wdt: esp_task_wdt_reset(705): task not found
E (75308) task_wdt: esp_task_wdt_reset(705): task not found
E (75313) task_wdt: esp_task_wdt_reset(705): task not found
E (75319) task_wdt: esp_task_wdt_reset(705): task not found
E (75324) task_wdt: esp_task_wdt_reset(705): task not found
E (75329) task_wdt: esp_task_wdt_reset(705): task not found
E (75334) task_wdt: esp_task_wdt_reset(705): task not found
E (75340) task_wdt: esp_task_wdt_reset(705): task not found
E (75345) task_wdt: esp_task_wdt_reset(705): task not found
E (75350) task_wdt: esp_task_wdt_reset(705): task not found
E (75356) task_wdt: esp_task_wdt_reset(705): task not found
E (75361) task_wdt: esp_task_wdt_reset(705): task not found
E (75366) task_wdt: esp_task_wdt_reset(705): task not found
E (75371) task_wdt: esp_task_wdt_reset(705): task not found
E (75377) task_wdt: esp_task_wdt_reset(705): task not found
E (75382) task_wdt: esp_task_wdt_reset(705): task not found
E (75387) task_wdt: esp_task_wdt_reset(705): task not found
E (75392) task_wdt: esp_task_wdt_reset(705): task not found
E (75398) task_wdt: esp_task_wdt_reset(705): task not found
E (75403) task_wdt: esp_task_wdt_reset(705): task not found
E (75408) task_wdt: esp_task_wdt_reset(705): task not found
E (75413) task_wdt: esp_task_wdt_reset(705): task not found
E (75419) task_wdt: esp_task_wdt_reset(705): task not found
E (75424) task_wdt: esp_task_wdt_reset(705): task not found
E (75429) task_wdt: esp_task_wdt_reset(705): task not found
E (75434) task_wdt: esp_task_wdt_reset(705): task not found
E (75440) task_wdt: esp_task_wdt_reset(705): task not found
E (75445) task_wdt: esp_task_wdt_reset(705): task not found
E (75450) task_wdt: esp_task_wdt_reset(705): task not found
E (75455) task_wdt: esp_task_wdt_reset(705): task not found
E (75461) task_wdt: esp_task_wdt_reset(705): task not found
E (75466) task_wdt: esp_task_wdt_reset(705): task not found
E (75471) task_wdt: esp_task_wdt_reset(705): task not found
E (75477) task_wdt: esp_task_wdt_reset(705): task not found
E (75482) task_wdt: esp_task_wdt_reset(705): task not found
E (75487) task_wdt: esp_task_wdt_reset(705): task not found
E (75492) task_wdt: esp_task_wdt_reset(705): task not found
E (75498) task_wdt: esp_task_wdt_reset(705): task not found
E (75503) task_wdt: esp_task_wdt_reset(705): task not found
E (75508) task_wdt: esp_task_wdt_reset(705): task not found
E (75513) task_wdt: esp_task_wdt_reset(705): task not found
E (75519) task_wdt: esp_task_wdt_reset(705): task not found
E (75524) task_wdt: esp_task_wdt_reset(705): task not found
E (75529) task_wdt: esp_task_wdt_reset(705): task not found
E (75534) task_wdt: esp_task_wdt_reset(705): task not found
E (75540) task_wdt: esp_task_wdt_reset(705): task not found
E (75545) task_wdt: esp_task_wdt_reset(705): task not found
E (75550) task_wdt: esp_task_wdt_reset(705): task not found
E (75555) task_wdt: esp_task_wdt_reset(705): task not found
E (75561) task_wdt: esp_task_wdt_reset(705): task not found
E (75566) task_wdt: esp_task_wdt_reset(705): task not found
E (75571) task_wdt: esp_task_wdt_reset(705): task not found
E (75577) task_wdt: esp_task_wdt_reset(705): task not found
E (75582) task_wdt: esp_task_wdt_reset(705): task not found
E (75587) task_wdt: esp_task_wdt_reset(705): task not found
E (75592) task_wdt: esp_task_wdt_reset(705): task not found
E (75598) task_wdt: esp_task_wdt_reset(705): task not found
E (75603) task_wdt: esp_task_wdt_reset(705): task not found
E (75608) task_wdt: esp_task_wdt_reset(705): task not found
E (75613) task_wdt: esp_task_wdt_reset(705): task not found
E (75619) task_wdt: esp_task_wdt_reset(705): task not found
E (75624) task_wdt: esp_task_wdt_reset(705): task not found
E (75629) task_wdt: esp_task_wdt_reset(705): task not found
E (75634) task_wdt: esp_task_wdt_reset(705): task not found
E (75640) task_wdt: esp_task_wdt_reset(705): task not found
E (75645) task_wdt: esp_task_wdt_reset(705): task not found
E (75650) task_wdt: esp_task_wdt_reset(705): task not found
[ 76478][E][ssl_client.cpp:36] _handle_error(): [ssl_starttls_handshake():317]: (-29312) SSL - The connection indicated an EOF
[ 76490][E][NetworkClientSecure.cpp:159] connect(): start_ssl_client: connect failed: -29312
W: Failed to get timezone offset from API, HTTP code: -1
E (76497) task_wdt: esp_task_wdt_reset(705): task not found
E (76499) task_wdt: esp_task_wdt_reset(705): task not found
E (76500) task_wdt: esp_task_wdt_reset(705): task not found
E (76505) task_wdt: esp_task_wdt_reset(705): task not found
E (76510) task_wdt: esp_task_wdt_reset(705): task not found
E (76515) task_wdt: esp_task_wdt_reset(705): task not found
E (76520) task_wdt: esp_task_wdt_reset(705): task not found
E (76526) task_wdt: esp_task_wdt_reset(705): task not found
E (76531) task_wdt: esp_task_wdt_reset(705): task not found
E (76536) task_wdt: esp_task_wdt_reset(705): task not found
E (76542) task_wdt: esp_task_wdt_reset(705): task not found
E (76547) task_wdt: esp_task_wdt_reset(705): task not found
E (76552) task_wdt: esp_task_wdt_reset(705): task not found
E (76557) task_wdt: esp_task_wdt_reset(705): task not found
E (76563) task_wdt: esp_task_wdt_reset(705): task not found
E (76568) task_wdt: esp_task_wdt_reset(705): task not found
E (76573) task_wdt: esp_task_wdt_reset(705): task not found
E (76578) task_wdt: esp_task_wdt_reset(705): task not found
E (76584) task_wdt: esp_task_wdt_reset(705): task not found
E (76589) task_wdt: esp_task_wdt_reset(705): task not found
E (76594) task_wdt: esp_task_wdt_reset(705): task not found
E (76599) task_wdt: esp_task_wdt_reset(705): task not found
E (76605) task_wdt: esp_task_wdt_reset(705): task not found
E (76610) task_wdt: esp_task_wdt_reset(705): task not found
E (76615) task_wdt: esp_task_wdt_reset(705): task not found
E (76620) task_wdt: esp_task_wdt_reset(705): task not found
E (76626) task_wdt: esp_task_wdt_reset(705): task not found
E (76631) task_wdt: esp_task_wdt_reset(705): task not found
E (76636) task_wdt: esp_task_wdt_reset(705): task not found
E (76642) task_wdt: esp_task_wdt_reset(705): task not found
E (76647) task_wdt: esp_task_wdt_reset(705): task not found
E (76652) task_wdt: esp_task_wdt_reset(705): task not found
[ 77622][E][ssl_client.cpp:36] _handle_error(): [ssl_starttls_handshake():317]: (-29312) SSL - The connection indicated an EOF
[ 77633][E][NetworkClientSecure.cpp:159] connect(): start_ssl_client: connect failed: -29312
W: Failed to get timezone offset from API, HTTP code: -1
E (77640) task_wdt: esp_task_wdt_reset(705): task not found
E (77642) task_wdt: esp_task_wdt_reset(705): task not found
E (77643) task_wdt: esp_task_wdt_reset(705): task not found
E (77648) task_wdt: esp_task_wdt_reset(705): task not found
E (77653) task_wdt: esp_task_wdt_reset(705): task not found
[ 78739][E][ssl_client.cpp:36] _handle_error(): [ssl_starttls_handshake():317]: (-29312) SSL - The connection indicated an EOF
[ 78750][E][NetworkClientSecure.cpp:159] connect(): start_ssl_client: connect failed: -29312
W: Failed to get timezone offset from API, HTTP code: -1
E (78758) task_wdt: esp_task_wdt_reset(705): task not found
[ 79268][E][ssl_client.cpp:36] _handle_error(): [ssl_starttls_handshake():317]: (-29312) SSL - The connection indicated an EOF
[ 79279][E][NetworkClientSecure.cpp:159] connect(): start_ssl_client: connect failed: -29312
W: Failed to get timezone offset from API, HTTP code: -1
E (79287) task_wdt: esp_task_wdt_reset(705): task not found
E (79289) task_wdt: esp_task_wdt_reset(705): task not found
E (79290) task_wdt: esp_task_wdt_reset(705): task not found
E (79294) task_wdt: esp_task_wdt_reset(705): task not found
E (79299) task_wdt: esp_task_wdt_reset(705): task not found
E (79305) task_wdt: esp_task_wdt_reset(705): task not found
E (79310) task_wdt: esp_task_wdt_reset(705): task not found
E (79315) task_wdt: esp_task_wdt_reset(705): task not found
E (79320) task_wdt: esp_task_wdt_reset(705): task not found
E (79326) task_wdt: esp_task_wdt_reset(705): task not found
E (79331) task_wdt: esp_task_wdt_reset(705): task not found
E (79336) task_wdt: esp_task_wdt_reset(705): task not found
E (79341) task_wdt: esp_task_wdt_reset(705): task not found
E (79347) task_wdt: esp_task_wdt_reset(705): task not found
E (79352) task_wdt: esp_task_wdt_reset(705): task not found
E (79357) task_wdt: esp_task_wdt_reset(705): task not found
E (79363) task_wdt: esp_task_wdt_reset(705): task not found
E (79368) task_wdt: esp_task_wdt_reset(705): task not found
E (79373) task_wdt: esp_task_wdt_reset(705): task not found
E (79378) task_wdt: esp_task_wdt_reset(705): task not found
E (79384) task_wdt: esp_task_wdt_reset(705): task not found
E (79389) task_wdt: esp_task_wdt_reset(705): task not found
E (79394) task_wdt: esp_task_wdt_reset(705): task not found
E (79399) task_wdt: esp_task_wdt_reset(705): task not found
E (79405) task_wdt: esp_task_wdt_reset(705): task not found
E (79410) task_wdt: esp_task_wdt_reset(705): task not found
E (79415) task_wdt: esp_task_wdt_reset(705): task not found
E (79420) task_wdt: esp_task_wdt_reset(705): task not found
E (79426) task_wdt: esp_task_wdt_reset(705): task not found
E (79431) task_wdt: esp_task_wdt_reset(705): task not found
E (79436) task_wdt: esp_task_wdt_reset(705): task not found
E (79441) task_wdt: esp_task_wdt_reset(705): task not found
E (79447) task_wdt: esp_task_wdt_reset(705): task not found
E (79452) task_wdt: esp_task_wdt_reset(705): task not found
E (79457) task_wdt: esp_task_wdt_reset(705): task not found
E (79462) task_wdt: esp_task_wdt_reset(705): task not found
E (79468) task_wdt: esp_task_wdt_reset(705): task not found
E (79473) task_wdt: esp_task_wdt_reset(705): task not found
E (79478) task_wdt: esp_task_wdt_reset(705): task not found
E (79484) task_wdt: esp_task_wdt_reset(705): task not found
E (79489) task_wdt: esp_task_wdt_reset(705): task not found
E (79494) task_wdt: esp_task_wdt_reset(705): task not found
E (79500) task_wdt: esp_task_wdt_reset(705): task not found
E (79505) task_wdt: esp_task_wdt_reset(705): task not found
E (79510) task_wdt: esp_task_wdt_reset(705): task not found
E (79515) task_wdt: esp_task_wdt_reset(705): task not found
E (79520) task_wdt: esp_task_wdt_reset(705): task not found
E (79526) task_wdt: esp_task_wdt_reset(705): task not found
E (79531) task_wdt: esp_task_wdt_reset(705): task not found
E (79537) task_wdt: esp_task_wdt_reset(705): task not found
E (79541) task_wdt: esp_task_wdt_reset(705): task not found
E (79547) task_wdt: esp_task_wdt_reset(705): task not found
E (79552) task_wdt: esp_task_wdt_reset(705): task not found
E (79557) task_wdt: esp_task_wdt_reset(705): task not found
E (79562) task_wdt: esp_task_wdt_reset(705): task not found
E (79568) task_wdt: esp_task_wdt_reset(705): task not found
E (79573) task_wdt: esp_task_wdt_reset(705): task not found
E (79578) task_wdt: esp_task_wdt_reset(705): task not found
E (79584) task_wdt: esp_task_wdt_reset(705): task not found
E (79589) task_wdt: esp_task_wdt_reset(705): task not found
E (79594) task_wdt: esp_task_wdt_reset(705): task not found
E (79599) task_wdt: esp_task_wdt_reset(705): task not found
E (79605) task_wdt: esp_task_wdt_reset(705): task not found
E (79610) task_wdt: esp_task_wdt_reset(705): task not found
E (79615) task_wdt: esp_task_wdt_reset(705): task not found
E (79620) task_wdt: esp_task_wdt_reset(705): task not found
E (79626) task_wdt: esp_task_wdt_reset(705): task not found
E (79631) task_wdt: esp_task_wdt_reset(705): task not found
E (79636) task_wdt: esp_task_wdt_reset(705): task not found
E (79641) task_wdt: esp_task_wdt_reset(705): task not found
E (79647) task_wdt: esp_task_wdt_reset(705): task not found
E (79652) task_wdt: esp_task_wdt_reset(705): task not found
E (79657) task_wdt: esp_task_wdt_reset(705): task not found
E (79662) task_wdt: esp_task_wdt_reset(705): task not found
E (79668) task_wdt: esp_task_wdt_reset(705): task not found
E (79673) task_wdt: esp_task_wdt_reset(705): task not found
E (79678) task_wdt: esp_task_wdt_reset(705): task not found
E (79683) task_wdt: esp_task_wdt_reset(705): task not found
E (79689) task_wdt: esp_task_wdt_reset(705): task not found
E (79694) task_wdt: esp_task_wdt_reset(705): task not found
E (79699) task_wdt: esp_task_wdt_reset(705): task not found
E (79705) task_wdt: esp_task_wdt_reset(705): task not found
E (79710) task_wdt: esp_task_wdt_reset(705): task not found
E (79715) task_wdt: esp_task_wdt_reset(705): task not found
E (79720) task_wdt: esp_task_wdt_reset(705): task not found
E (79726) task_wdt: esp_task_wdt_reset(705): task not found
E (79731) task_wdt: esp_task_wdt_reset(705): task not found
E (79736) task_wdt: esp_task_wdt_reset(705): task not found
E (79741) task_wdt: esp_task_wdt_reset(705): task not found
E (79747) task_wdt: esp_task_wdt_reset(705): task not found
E (79752) task_wdt: esp_task_wdt_reset(705): task not found
E (79757) task_wdt: esp_task_wdt_reset(705): task not found
[ 80678][E][ssl_client.cpp:36] _handle_error(): [ssl_starttls_handshake():317]: (-29312) SSL - The connection indicated an EOF
[ 80690][E][NetworkClientSecure.cpp:159] connect(): start_ssl_client: connect failed: -29312
W: Failed to get timezone offset from API, HTTP code: -1
E (80697) task_wdt: esp_task_wdt_reset(705): task not found
E (80699) task_wdt: esp_task_wdt_reset(705): task not found
E (80700) task_wdt: esp_task_wdt_reset(705): task not found
E (80705) task_wdt: esp_task_wdt_reset(705): task not found
E (80710) task_wdt: esp_task_wdt_reset(705): task not found
E (80715) task_wdt: esp_task_wdt_reset(705): task not found
E (80720) task_wdt: esp_task_wdt_reset(705): task not found
E (80726) task_wdt: esp_task_wdt_reset(705): task not found
E (80731) task_wdt: esp_task_wdt_reset(705): task not found
E (80736) task_wdt: esp_task_wdt_reset(705): task not found
E (80741) task_wdt: esp_task_wdt_reset(705): task not found
E (80747) task_wdt: esp_task_wdt_reset(705): task not found
E (80752) task_wdt: esp_task_wdt_reset(705): task not found
E (80757) task_wdt: esp_task_wdt_reset(705): task not found
E (80763) task_wdt: esp_task_wdt_reset(705): task not found
[ 81604][E][ssl_client.cpp:36] _handle_error(): [ssl_starttls_handshake():317]: (-29312) SSL - The connection indicated an EOF
[ 81616][E][NetworkClientSecure.cpp:159] connect(): start_ssl_client: connect failed: -29312
W: Failed to get timezone offset from API, HTTP code: -1
E (81623) task_wdt: esp_task_wdt_reset(705): task not found
E (81625) task_wdt: esp_task_wdt_reset(705): task not found
E (81626) task_wdt: esp_task_wdt_reset(705): task not found
E (81631) task_wdt: esp_task_wdt_reset(705): task not found
E (81636) task_wdt: esp_task_wdt_reset(705): task not found
E (81641) task_wdt: esp_task_wdt_reset(705): task not found
E (81647) task_wdt: esp_task_wdt_reset(705): task not found
E (81652) task_wdt: esp_task_wdt_reset(705): task not found
E (81657) task_wdt: esp_task_wdt_reset(705): task not found
E (81662) task_wdt: esp_task_wdt_reset(705): task not found
E (81668) task_wdt: esp_task_wdt_reset(705): task not found
E (81673) task_wdt: esp_task_wdt_reset(705): task not found
E (81678) task_wdt: esp_task_wdt_reset(705): task not found
E (81683) task_wdt: esp_task_wdt_reset(705): task not found
E (81689) task_wdt: esp_task_wdt_reset(705): task not found
E (81694) task_wdt: esp_task_wdt_reset(705): task not found
E (81699) task_wdt: esp_task_wdt_reset(705): task not found
E (81704) task_wdt: esp_task_wdt_reset(705): task not found
E (81710) task_wdt: esp_task_wdt_reset(705): task not found
E (81715) task_wdt: esp_task_wdt_reset(705): task not found
E (81720) task_wdt: esp_task_wdt_reset(705): task not found
E (81726) task_wdt: esp_task_wdt_reset(705): task not found
E (81731) task_wdt: esp_task_wdt_reset(705): task not found
E (81736) task_wdt: esp_task_wdt_reset(705): task not found
E (81741) task_wdt: esp_task_wdt_reset(705): task not found
E (81747) task_wdt: esp_task_wdt_reset(705): task not found
E (81752) task_wdt: esp_task_wdt_reset(705): task not found
E (81757) task_wdt: esp_task_wdt_reset(705): task not found
E (81762) task_wdt: esp_task_wdt_reset(705): task not found
E (81768) task_wdt: esp_task_wdt_reset(705): task not found
[ 82433][E][ssl_client.cpp:36] _handle_error(): [ssl_starttls_handshake():317]: (-29312) SSL - The connection indicated an EOF
[ 82445][E][NetworkClientSecure.cpp:159] connect(): start_ssl_client: connect failed: -29312
W: Failed to get timezone offset from API, HTTP code: -1
E (82453) task_wdt: esp_task_wdt_reset(705): task not found
E (82455) task_wdt: esp_task_wdt_reset(705): task not found
E (82456) task_wdt: esp_task_wdt_reset(705): task not found
E (82460) task_wdt: esp_task_wdt_reset(705): task not found
E (82465) task_wdt: esp_task_wdt_reset(705): task not found
E (82471) task_wdt: esp_task_wdt_reset(705): task not found
E (82476) task_wdt: esp_task_wdt_reset(705): task not found
E (82481) task_wdt: esp_task_wdt_reset(705): task not found
E (82486) task_wdt: esp_task_wdt_reset(705): task not found
E (82492) task_wdt: esp_task_wdt_reset(705): task not found
E (82497) task_wdt: esp_task_wdt_reset(705): task not found
E (82502) task_wdt: esp_task_wdt_reset(705): task not found
E (82507) task_wdt: esp_task_wdt_reset(705): task not found
E (82513) task_wdt: esp_task_wdt_reset(705): task not found
E (82518) task_wdt: esp_task_wdt_reset(705): task not found
E (82523) task_wdt: esp_task_wdt_reset(705): task not found
E (82529) task_wdt: esp_task_wdt_reset(705): task not found
E (82534) task_wdt: esp_task_wdt_reset(705): task not found
E (82539) task_wdt: esp_task_wdt_reset(705): task not found
E (82544) task_wdt: esp_task_wdt_reset(705): task not found
E (82550) task_wdt: esp_task_wdt_reset(705): task not found
E (82555) task_wdt: esp_task_wdt_reset(705): task not found
E (82560) task_wdt: esp_task_wdt_reset(705): task not found
E (82565) task_wdt: esp_task_wdt_reset(705): task not found
E (82571) task_wdt: esp_task_wdt_reset(705): task not found
E (82576) task_wdt: esp_task_wdt_reset(705): task not found
E (82581) task_wdt: esp_task_wdt_reset(705): task not found
E (82586) task_wdt: esp_task_wdt_reset(705): task not found
E (82592) task_wdt: esp_task_wdt_reset(705): task not found
E (82597) task_wdt: esp_task_wdt_reset(705): task not found
E (82602) task_wdt: esp_task_wdt_reset(705): task not found
E (82607) task_wdt: esp_task_wdt_reset(705): task not found
E (82613) task_wdt: esp_task_wdt_reset(705): task not found
E (82618) task_wdt: esp_task_wdt_reset(705): task not found
E (82623) task_wdt: esp_task_wdt_reset(705): task not found
E (82628) task_wdt: esp_task_wdt_reset(705): task not found
E (82634) task_wdt: esp_task_wdt_reset(705): task not found
E (82639) task_wdt: esp_task_wdt_reset(705): task not found
E (82644) task_wdt: esp_task_wdt_reset(705): task not found
E (82650) task_wdt: esp_task_wdt_reset(705): task not found
E (82655) task_wdt: esp_task_wdt_reset(705): task not found
E (82660) task_wdt: esp_task_wdt_reset(705): task not found
E (82665) task_wdt: esp_task_wdt_reset(705): task not found
E (82671) task_wdt: esp_task_wdt_reset(705): task not found
E (82676) task_wdt: esp_task_wdt_reset(705): task not found
E (82681) task_wdt: esp_task_wdt_reset(705): task not found
E (82686) task_wdt: esp_task_wdt_reset(705): task not found
E (82692) task_wdt: esp_task_wdt_reset(705): task not found
E (82697) task_wdt: esp_task_wdt_reset(705): task not found
E (82702) task_wdt: esp_task_wdt_reset(705): task not found
E (82707) task_wdt: esp_task_wdt_reset(705): task not found
E (82713) task_wdt: esp_task_wdt_reset(705): task not found
E (82718) task_wdt: esp_task_wdt_reset(705): task not found
E (82723) task_wdt: esp_task_wdt_reset(705): task not found
E (82728) task_wdt: esp_task_wdt_reset(705): task not found
E (82734) task_wdt: esp_task_wdt_reset(705): task not found
E (82739) task_wdt: esp_task_wdt_reset(705): task not found
E (82744) task_wdt: esp_task_wdt_reset(705): task not found
E (82749) task_wdt: esp_task_wdt_reset(705): task not found
E (82755) task_wdt: esp_task_wdt_reset(705): task not found
E (82760) task_wdt: esp_task_wdt_reset(705): task not found
E (82765) task_wdt: esp_task_wdt_reset(705): task not found
E (82771) task_wdt: esp_task_wdt_reset(705): task not found
[ 84366][E][ssl_client.cpp:36] _handle_error(): [ssl_starttls_handshake():317]: (-29312) SSL - The connection indicated an EOF
[ 84378][E][NetworkClientSecure.cpp:159] connect(): start_ssl_client: connect failed: -29312
W: Failed to get timezone offset from API, HTTP code: -1
E (84385) task_wdt: esp_task_wdt_reset(705): task not found
[ 85390][E][ssl_client.cpp:36] _handle_error(): [ssl_starttls_handshake():317]: (-29312) SSL - The connection indicated an EOF
[ 85401][E][NetworkClientSecure.cpp:159] connect(): start_ssl_client: connect failed: -29312
W: Failed to get timezone offset from API, HTTP code: -1
E (85409) task_wdt: esp_task_wdt_reset(705): task not found
[ 86007][E][ssl_client.cpp:36] _handle_error(): [ssl_starttls_handshake():317]: (-29312) SSL - The connection indicated an EOF
[ 86018][E][NetworkClientSecure.cpp:159] connect(): start_ssl_client: connect failed: -29312
W: Failed to get timezone offset from API, HTTP code: -1
E (86026) task_wdt: esp_task_wdt_reset(705): task not found
E (86028) task_wdt: esp_task_wdt_reset(705): task not found
E (86029) task_wdt: esp_task_wdt_reset(705): task not found
E (86033) task_wdt: esp_task_wdt_reset(705): task not found
E (86039) task_wdt: esp_task_wdt_reset(705): task not found
E (86044) task_wdt: esp_task_wdt_reset(705): task not found
E (86049) task_wdt: esp_task_wdt_reset(705): task not found
E (86054) task_wdt: esp_task_wdt_reset(705): task not found
E (86060) task_wdt: esp_task_wdt_reset(705): task not found
E (86065) task_wdt: esp_task_wdt_reset(705): task not found
E (86070) task_wdt: esp_task_wdt_reset(705): task not found
E (86075) task_wdt: esp_task_wdt_reset(705): task not found
E (86081) task_wdt: esp_task_wdt_reset(705): task not found
E (86086) task_wdt: esp_task_wdt_reset(705): task not found
E (86091) task_wdt: esp_task_wdt_reset(705): task not found
E (86096) task_wdt: esp_task_wdt_reset(705): task not found
E (86102) task_wdt: esp_task_wdt_reset(705): task not found
E (86107) task_wdt: esp_task_wdt_reset(705): task not found
E (86112) task_wdt: esp_task_wdt_reset(705): task not found
E (86118) task_wdt: esp_task_wdt_reset(705): task not found
E (86123) task_wdt: esp_task_wdt_reset(705): task not found
E (86128) task_wdt: esp_task_wdt_reset(705): task not found
E (86133) task_wdt: esp_task_wdt_reset(705): task not found
E (86139) task_wdt: esp_task_wdt_reset(705): task not found
E (86144) task_wdt: esp_task_wdt_reset(705): task not found
E (86149) task_wdt: esp_task_wdt_reset(705): task not found
E (86154) task_wdt: esp_task_wdt_reset(705): task not found
E (86160) task_wdt: esp_task_wdt_reset(705): task not found
E (86165) task_wdt: esp_task_wdt_reset(705): task not found
E (86170) task_wdt: esp_task_wdt_reset(705): task not found
E (86175) task_wdt: esp_task_wdt_reset(705): task not found
E (86181) task_wdt: esp_task_wdt_reset(705): task not found
E (86186) task_wdt: esp_task_wdt_reset(705): task not found
E (86191) task_wdt: esp_task_wdt_reset(705): task not found
E (86196) task_wdt: esp_task_wdt_reset(705): task not found
E (86202) task_wdt: esp_task_wdt_reset(705): task not found
E (86207) task_wdt: esp_task_wdt_reset(705): task not found
E (86212) task_wdt: esp_task_wdt_reset(705): task not found
E (86217) task_wdt: esp_task_wdt_reset(705): task not found
E (86223) task_wdt: esp_task_wdt_reset(705): task not found
E (86228) task_wdt: esp_task_wdt_reset(705): task not found
E (86233) task_wdt: esp_task_wdt_reset(705): task not found
E (86239) task_wdt: esp_task_wdt_reset(705): task not found
E (86244) task_wdt: esp_task_wdt_reset(705): task not found
E (86249) task_wdt: esp_task_wdt_reset(705): task not found
E (86254) task_wdt: esp_task_wdt_reset(705): task not found
E (86260) task_wdt: esp_task_wdt_reset(705): task not found
E (86265) task_wdt: esp_task_wdt_reset(705): task not found
E (86270) task_wdt: esp_task_wdt_reset(705): task not found
E (86275) task_wdt: esp_task_wdt_reset(705): task not found
E (86281) task_wdt: esp_task_wdt_reset(705): task not found
E (86286) task_wdt: esp_task_wdt_reset(705): task not found
E (86291) task_wdt: esp_task_wdt_reset(705): task not found
E (86296) task_wdt: esp_task_wdt_reset(705): task not found
E (86302) task_wdt: esp_task_wdt_reset(705): task not found
E (86307) task_wdt: esp_task_wdt_reset(705): task not found
E (86312) task_wdt: esp_task_wdt_reset(705): task not found
E (86317) task_wdt: esp_task_wdt_reset(705): task not found
E (86323) task_wdt: esp_task_wdt_reset(705): task not found
E (86328) task_wdt: esp_task_wdt_reset(705): task not found
E (86333) task_wdt: esp_task_wdt_reset(705): task not found
E (86339) task_wdt: esp_task_wdt_reset(705): task not found
E (86344) task_wdt: esp_task_wdt_reset(705): task not found
E (86349) task_wdt: esp_task_wdt_reset(705): task not found
E (86354) task_wdt: esp_task_wdt_reset(705): task not found
E (86360) task_wdt: esp_task_wdt_reset(705): task not found
E (86365) task_wdt: esp_task_wdt_reset(705): task not found
E (86370) task_wdt: esp_task_wdt_reset(705): task not found
E (86375) task_wdt: esp_task_wdt_reset(705): task not found
E (86381) task_wdt: esp_task_wdt_reset(705): task not found
E (86386) task_wdt: esp_task_wdt_reset(705): task not found
E (86391) task_wdt: esp_task_wdt_reset(705): task not found
E (86396) task_wdt: esp_task_wdt_reset(705): task not found
E (86402) task_wdt: esp_task_wdt_reset(705): task not found
E (86407) task_wdt: esp_task_wdt_reset(705): task not found
[ 87133][E][ssl_client.cpp:36] _handle_error(): [ssl_starttls_handshake():317]: (-29312) SSL - The connection indicated an EOF
[ 87144][E][NetworkClientSecure.cpp:159] connect(): start_ssl_client: connect failed: -29312
W: Failed to get timezone offset from API, HTTP code: -1
E (87152) task_wdt: esp_task_wdt_reset(705): task not found
E (87154) task_wdt: esp_task_wdt_reset(705): task not found
E (87155) task_wdt: esp_task_wdt_reset(705): task not found
E (87159) task_wdt: esp_task_wdt_reset(705): task not found
E (87164) task_wdt: esp_task_wdt_reset(705): task not found
E (87170) task_wdt: esp_task_wdt_reset(705): task not found
E (87175) task_wdt: esp_task_wdt_reset(705): task not found
E (87180) task_wdt: esp_task_wdt_reset(705): task not found
E (87185) task_wdt: esp_task_wdt_reset(705): task not found
E (87191) task_wdt: esp_task_wdt_reset(705): task not found
E (87196) task_wdt: esp_task_wdt_reset(705): task not found
E (87201) task_wdt: esp_task_wdt_reset(705): task not found
E (87206) task_wdt: esp_task_wdt_reset(705): task not found
E (87212) task_wdt: esp_task_wdt_reset(705): task not found
E (87217) task_wdt: esp_task_wdt_reset(705): task not found
E (87222) task_wdt: esp_task_wdt_reset(705): task not found
E (87227) task_wdt: esp_task_wdt_reset(705): task not found
E (87233) task_wdt: esp_task_wdt_reset(705): task not found
E (87238) task_wdt: esp_task_wdt_reset(705): task not found
E (87243) task_wdt: esp_task_wdt_reset(705): task not found
E (87248) task_wdt: esp_task_wdt_reset(705): task not found
E (87254) task_wdt: esp_task_wdt_reset(705): task not found
E (87259) task_wdt: esp_task_wdt_reset(705): task not found
E (87264) task_wdt: esp_task_wdt_reset(705): task not found
E (87270) task_wdt: esp_task_wdt_reset(705): task not found
E (87275) task_wdt: esp_task_wdt_reset(705): task not found
E (87280) task_wdt: esp_task_wdt_reset(705): task not found
E (87285) task_wdt: esp_task_wdt_reset(705): task not found
E (87291) task_wdt: esp_task_wdt_reset(705): task not found
E (87296) task_wdt: esp_task_wdt_reset(705): task not found
E (87301) task_wdt: esp_task_wdt_reset(705): task not found
E (87306) task_wdt: esp_task_wdt_reset(705): task not found
E (87312) task_wdt: esp_task_wdt_reset(705): task not found
E (87317) task_wdt: esp_task_wdt_reset(705): task not found
E (87322) task_wdt: esp_task_wdt_reset(705): task not found
E (87327) task_wdt: esp_task_wdt_reset(705): task not found
E (87333) task_wdt: esp_task_wdt_reset(705): task not found
E (87338) task_wdt: esp_task_wdt_reset(705): task not found
E (87343) task_wdt: esp_task_wdt_reset(705): task not found
E (87348) task_wdt: esp_task_wdt_reset(705): task not found
E (87354) task_wdt: esp_task_wdt_reset(705): task not found
E (87359) task_wdt: esp_task_wdt_reset(705): task not found
E (87364) task_wdt: esp_task_wdt_reset(705): task not found
E (87369) task_wdt: esp_task_wdt_reset(705): task not found
E (87375) task_wdt: esp_task_wdt_reset(705): task not found
E (87380) task_wdt: esp_task_wdt_reset(705): task not found
E (87385) task_wdt: esp_task_wdt_reset(705): task not found
E (87391) task_wdt: esp_task_wdt_reset(705): task not found
E (87396) task_wdt: esp_task_wdt_reset(705): task not found
E (87401) task_wdt: esp_task_wdt_reset(705): task not found
E (87406) task_wdt: esp_task_wdt_reset(705): task not found
E (87412) task_wdt: esp_task_wdt_reset(705): task not found
[ 98204][E][ssl_client.cpp:36] _handle_error(): [ssl_starttls_handshake():317]: (-29312) SSL - The connection indicated an EOF
[ 98216][E][NetworkClientSecure.cpp:159] connect(): start_ssl_client: connect failed: -29312
W: Failed to get timezone offset from API, HTTP code: -1
E (98224) task_wdt: esp_task_wdt_reset(705): task not found
[101364][E][ssl_client.cpp:36] _handle_error(): [ssl_starttls_handshake():317]: (-29312) SSL - The connection indicated an EOF
[101375][E][NetworkClientSecure.cpp:159] connect(): start_ssl_client: connect failed: -29312
W: Failed to get timezone offset from API, HTTP code: -1
I: Drawing of NHL took 222 ms
E (101642) task_wdt: esp_task_wdt_reset(705): task not found
[114106][E][ssl_client.cpp:36] _handle_error(): [ssl_starttls_handshake():317]: (-29312) SSL - The connection indicated an EOF
[114117][E][NetworkClientSecure.cpp:159] connect(): start_ssl_client: connect failed: -29312
W: Failed to get timezone offset from API, HTTP code: -1
E (114125) task_wdt: esp_task_wdt_reset(705): task not found
[117345][E][ssl_client.cpp:36] _handle_error(): [ssl_starttls_handshake():317]: (-29312) SSL - The connection indicated an EOF
[117357][E][NetworkClientSecure.cpp:159] connect(): start_ssl_client: connect failed: -29312
W: Failed to get timezone offset from API, HTTP code: -1
E (117364) task_wdt: esp_task_wdt_reset(705): task not found
[129833][E][ssl_client.cpp:36] _handle_error(): [ssl_starttls_handshake():317]: (-29312) SSL - The connection indicated an EOF
[129845][E][NetworkClientSecure.cpp:159] connect(): start_ssl_client: connect failed: -29312
W: Failed to get timezone offset from API, HTTP code: -1
E (129852) task_wdt: esp_task_wdt_reset(705): task not found
[141840][E][ssl_client.cpp:36] _handle_error(): [ssl_starttls_handshake():317]: (-29312) SSL - The connection indicated an EOF
[141851][E][NetworkClientSecure.cpp:159] connect(): start_ssl_client: connect failed: -29312
W: Failed to get timezone offset from API, HTTP code: -1
I: Drawing of Clock took 344 ms
E (142239) task_wdt: esp_task_wdt_reset(705): task not found
[145132][E][ssl_client.cpp:36] _handle_error(): [ssl_starttls_handshake():317]: (-29312) SSL - The connection indicated an EOF
[145143][E][NetworkClientSecure.cpp:159] connect(): start_ssl_client: connect failed: -29312
W: Failed to get timezone offset from API, HTTP code: -1
E (145228) task_wdt: esp_task_wdt_reset(705): task not found
[148489][E][ssl_client.cpp:36] _handle_error(): [ssl_starttls_handshake():317]: (-29312) SSL - The connection indicated an EOF
[148501][E][NetworkClientSecure.cpp:159] connect(): start_ssl_client: connect failed: -29312
W: Failed to get timezone offset from API, HTTP code: -1
E (148611) task_wdt: esp_task_wdt_reset(705): task not found
[157784][E][ssl_client.cpp:36] _handle_error(): [ssl_starttls_handshake():317]: (-29312) SSL - The connection indicated an EOF
[157796][E][NetworkClientSecure.cpp:159] connect(): start_ssl_client: connect failed: -29312
W: Failed to get timezone offset from API, HTTP code: -1
E (157815) task_wdt: esp_task_wdt_reset(705): task not found
[158194][E][ssl_client.cpp:36] _handle_error(): [ssl_starttls_handshake():317]: (-29312) SSL - The connection indicated an EOF
[158206][E][NetworkClientSecure.cpp:159] connect(): start_ssl_client: connect failed: -29312
W: Failed to get timezone offset from API, HTTP code: -1
E (158214) task_wdt: esp_task_wdt_reset(705): task not found
E (158216) task_wdt: esp_task_wdt_reset(705): task not found
E (158217) task_wdt: esp_task_wdt_reset(705): task not found
E (158221) task_wdt: esp_task_wdt_reset(705): task not found
E (158227) task_wdt: esp_task_wdt_reset(705): task not found
E (158232) task_wdt: esp_task_wdt_reset(705): task not found
E (158237) task_wdt: esp_task_wdt_reset(705): task not found
E (158243) task_wdt: esp_task_wdt_reset(705): task not found
E (158248) task_wdt: esp_task_wdt_reset(705): task not found
E (158253) task_wdt: esp_task_wdt_reset(705): task not found
E (158259) task_wdt: esp_task_wdt_reset(705): task not found
E (158264) task_wdt: esp_task_wdt_reset(705): task not found
E (158269) task_wdt: esp_task_wdt_reset(705): task not found
E (158275) task_wdt: esp_task_wdt_reset(705): task not found
E (158280) task_wdt: esp_task_wdt_reset(705): task not found
E (158285) task_wdt: esp_task_wdt_reset(705): task not found
E (158291) task_wdt: esp_task_wdt_reset(705): task not found
E (158296) task_wdt: esp_task_wdt_reset(705): task not found
E (158302) task_wdt: esp_task_wdt_reset(705): task not found
E (158307) task_wdt: esp_task_wdt_reset(705): task not found
E (158312) task_wdt: esp_task_wdt_reset(705): task not found
E (158318) task_wdt: esp_task_wdt_reset(705): task not found
E (158323) task_wdt: esp_task_wdt_reset(705): task not found
E (158328) task_wdt: esp_task_wdt_reset(705): task not found
E (158334) task_wdt: esp_task_wdt_reset(705): task not found
E (158339) task_wdt: esp_task_wdt_reset(705): task not found
E (158344) task_wdt: esp_task_wdt_reset(705): task not found
E (158350) task_wdt: esp_task_wdt_reset(705): task not found
E (158355) task_wdt: esp_task_wdt_reset(705): task not found
E (158360) task_wdt: esp_task_wdt_reset(705): task not found
E (158366) task_wdt: esp_task_wdt_reset(705): task not found
E (158371) task_wdt: esp_task_wdt_reset(705): task not found
E (158376) task_wdt: esp_task_wdt_reset(705): task not found
E (158382) task_wdt: esp_task_wdt_reset(705): task not found
E (158387) task_wdt: esp_task_wdt_reset(705): task not found
E (158392) task_wdt: esp_task_wdt_reset(705): task not found
E (158398) task_wdt: esp_task_wdt_reset(705): task not found
E (158403) task_wdt: esp_task_wdt_reset(705): task not found
E (158408) task_wdt: esp_task_wdt_reset(705): task not found
E (158414) task_wdt: esp_task_wdt_reset(705): task not found
E (158419) task_wdt: esp_task_wdt_reset(705): task not found
E (158425) task_wdt: esp_task_wdt_reset(705): task not found
E (158430) task_wdt: esp_task_wdt_reset(705): task not found
E (158435) task_wdt: esp_task_wdt_reset(705): task not found
E (158441) task_wdt: esp_task_wdt_reset(705): task not found
E (158446) task_wdt: esp_task_wdt_reset(705): task not found
E (158451) task_wdt: esp_task_wdt_reset(705): task not found
E (158457) task_wdt: esp_task_wdt_reset(705): task not found
E (158462) task_wdt: esp_task_wdt_reset(705): task not found
E (158467) task_wdt: esp_task_wdt_reset(705): task not found
E (158473) task_wdt: esp_task_wdt_reset(705): task not found
E (158478) task_wdt: esp_task_wdt_reset(705): task not found
E (158483) task_wdt: esp_task_wdt_reset(705): task not found
E (158489) task_wdt: esp_task_wdt_reset(705): task not found
E (158494) task_wdt: esp_task_wdt_reset(705): task not found
E (158499) task_wdt: esp_task_wdt_reset(705): task not found
E (158505) task_wdt: esp_task_wdt_reset(705): task not found
E (158510) task_wdt: esp_task_wdt_reset(705): task not found
E (158515) task_wdt: esp_task_wdt_reset(705): task not found
E (158521) task_wdt: esp_task_wdt_reset(705): task not found
E (158526) task_wdt: esp_task_wdt_reset(705): task not found
E (158532) task_wdt: esp_task_wdt_reset(705): task not found
E (158537) task_wdt: esp_task_wdt_reset(705): task not found
E (158542) task_wdt: esp_task_wdt_reset(705): task not found
E (158548) task_wdt: esp_task_wdt_reset(705): task not found
E (158553) task_wdt: esp_task_wdt_reset(705): task not found
E (158558) task_wdt: esp_task_wdt_reset(705): task not found
E (158564) task_wdt: esp_task_wdt_reset(705): task not found
E (158569) task_wdt: esp_task_wdt_reset(705): task not found
E (158574) task_wdt: esp_task_wdt_reset(705): task not found
E (158580) task_wdt: esp_task_wdt_reset(705): task not found
E (158585) task_wdt: esp_task_wdt_reset(705): task not found
E (158590) task_wdt: esp_task_wdt_reset(705): task not found
E (158596) task_wdt: esp_task_wdt_reset(705): task not found
E (158601) task_wdt: esp_task_wdt_reset(705): task not found
E (158606) task_wdt: esp_task_wdt_reset(705): task not found
E (158612) task_wdt: esp_task_wdt_reset(705): task not found
E (158617) task_wdt: esp_task_wdt_reset(705): task not found
E (158622) task_wdt: esp_task_wdt_reset(705): task not found
E (158628) task_wdt: esp_task_wdt_reset(705): task not found
E (158633) task_wdt: esp_task_wdt_reset(705): task not found
E (158638) task_wdt: esp_task_wdt_reset(705): task not found
E (158644) task_wdt: esp_task_wdt_reset(705): task not found
E (158649) task_wdt: esp_task_wdt_reset(705): task not found
E (158654) task_wdt: esp_task_wdt_reset(705): task not found
E (158660) task_wdt: esp_task_wdt_reset(705): task not found
E (158665) task_wdt: esp_task_wdt_reset(705): task not found
E (158670) task_wdt: esp_task_wdt_reset(705): task not found
E (158676) task_wdt: esp_task_wdt_reset(705): task not found
E (158681) task_wdt: esp_task_wdt_reset(705): task not found
E (158687) task_wdt: esp_task_wdt_reset(705): task not found
E (158692) task_wdt: esp_task_wdt_reset(705): task not found
E (158697) task_wdt: esp_task_wdt_reset(705): task not found
E (158703) task_wdt: esp_task_wdt_reset(705): task not found
E (158708) task_wdt: esp_task_wdt_reset(705): task not found
E (158713) task_wdt: esp_task_wdt_reset(705): task not found
E (158719) task_wdt: esp_task_wdt_reset(705): task not found
E (158724) task_wdt: esp_task_wdt_reset(705): task not found
E (158729) task_wdt: esp_task_wdt_reset(705): task not found
E (158735) task_wdt: esp_task_wdt_reset(705): task not found
E (158740) task_wdt: esp_task_wdt_reset(705): task not found
E (158745) task_wdt: esp_task_wdt_reset(705): task not found
E (158751) task_wdt: esp_task_wdt_reset(705): task not found
E (158756) task_wdt: esp_task_wdt_reset(705): task not found
E (158761) task_wdt: esp_task_wdt_reset(705): task not found
E (158767) task_wdt: esp_task_wdt_reset(705): task not found
E (158772) task_wdt: esp_task_wdt_reset(705): task not found
E (158777) task_wdt: esp_task_wdt_reset(705): task not found
E (158783) task_wdt: esp_task_wdt_reset(705): task not found
E (158788) task_wdt: esp_task_wdt_reset(705): task not found
E (158793) task_wdt: esp_task_wdt_reset(705): task not found
E (158799) task_wdt: esp_task_wdt_reset(705): task not found
E (158804) task_wdt: esp_task_wdt_reset(705): task not found
E (158810) task_wdt: esp_task_wdt_reset(705): task not found
E (158815) task_wdt: esp_task_wdt_reset(705): task not found
����������������������������������������������������������������handle_error(): [ssl_starttls_handshake():317]: (-29312) SSL - The connection indicated an EOF
[168142][E][NetworkClientSecure.cpp:159] connect(): start_ssl_client: connect failed: -29312
W: Failed to get timezone offset from API, HTTP code: -1
E (168161) task_wdt: esp_task_wdt_reset(705): task not found
[168767][E][ssl_client.cpp:36] _handle_error(): [ssl_starttls_handshake():317]: (-29312) SSL - The connection indicated an EOF
[168778][E][NetworkClientSecure.cpp:159] connect(): start_ssl_client: connect failed: -29312
W: Failed to get timezone offset from API, HTTP code: -1
E (168786) task_wdt: esp_task_wdt_reset(705): task not found
E (168788) task_wdt: esp_task_wdt_reset(705): task not found
E (168789) task_wdt: esp_task_wdt_reset(705): task not found
E (168793) task_wdt: esp_task_wdt_reset(705): task not found
E (168799) task_wdt: esp_task_wdt_reset(705): task not found
E (168804) task_wdt: esp_task_wdt_reset(705): task not found
E (168809) task_wdt: esp_task_wdt_reset(705): task not found
E (168815) task_wdt: esp_task_wdt_reset(705): task not found
E (168820) task_wdt: esp_task_wdt_reset(705): task not found
E (168825) task_wdt: esp_task_wdt_reset(705): task not found
E (168831) task_wdt: esp_task_wdt_reset(705): task not found
E (168836) task_wdt: esp_task_wdt_reset(705): task not found
E (168841) task_wdt: esp_task_wdt_reset(705): task not found
E (168847) task_wdt: esp_task_wdt_reset(705): task not found
E (168852) task_wdt: esp_task_wdt_reset(705): task not found
E (168858) task_wdt: esp_task_wdt_reset(705): task not found
E (168863) task_wdt: esp_task_wdt_reset(705): task not found
E (168868) task_wdt: esp_task_wdt_reset(705): task not found
E (168874) task_wdt: esp_task_wdt_reset(705): task not found
E (168879) task_wdt: esp_task_wdt_reset(705): task not found
E (168884) task_wdt: esp_task_wdt_reset(705): task not found
E (168890) task_wdt: esp_task_wdt_reset(705): task not found
E (168895) task_wdt: esp_task_wdt_reset(705): task not found
E (168900) task_wdt: esp_task_wdt_reset(705): task not found
E (168906) task_wdt: esp_task_wdt_reset(705): task not found
E (168911) task_wdt: esp_task_wdt_reset(705): task not found
E (168916) task_wdt: esp_task_wdt_reset(705): task not found
E (168922) task_wdt: esp_task_wdt_reset(705): task not found
E (168927) task_wdt: esp_task_wdt_reset(705): task not found
E (168932) task_wdt: esp_task_wdt_reset(705): task not found
E (168938) task_wdt: esp_task_wdt_reset(705): task not found
E (168943) task_wdt: esp_task_wdt_reset(705): task not found
E (168948) task_wdt: esp_task_wdt_reset(705): task not found
E (168954) task_wdt: esp_task_wdt_reset(705): task not found
E (168959) task_wdt: esp_task_wdt_reset(705): task not found
E (168964) task_wdt: esp_task_wdt_reset(705): task not found
E (168970) task_wdt: esp_task_wdt_reset(705): task not found
E (168975) task_wdt: esp_task_wdt_reset(705): task not found
E (168981) task_wdt: esp_task_wdt_reset(705): task not found
E (168986) task_wdt: esp_task_wdt_reset(705): task not found
E (168991) task_wdt: esp_task_wdt_reset(705): task not found
E (168997) task_wdt: esp_task_wdt_reset(705): task not found
E (169002) task_wdt: esp_task_wdt_reset(705): task not found
E (169007) task_wdt: esp_task_wdt_reset(705): task not found
E (169013) task_wdt: esp_task_wdt_reset(705): task not found
E (169018) task_wdt: esp_task_wdt_reset(705): task not found
E (169023) task_wdt: esp_task_wdt_reset(705): task not found
E (169029) task_wdt: esp_task_wdt_reset(705): task not found
E (169034) task_wdt: esp_task_wdt_reset(705): task not found
E (169039) task_wdt: esp_task_wdt_reset(705): task not found
E (169045) task_wdt: esp_task_wdt_reset(705): task not found
E (169050) task_wdt: esp_task_wdt_reset(705): task not found
E (169055) task_wdt: esp_task_wdt_reset(705): task not found
E (169061) task_wdt: esp_task_wdt_reset(705): task not found
E (169066) task_wdt: esp_task_wdt_reset(705): task not found
E (169071) task_wdt: esp_task_wdt_reset(705): task not found
E (169077) task_wdt: esp_task_wdt_reset(705): task not found
E (169082) task_wdt: esp_task_wdt_reset(705): task not found
E (169087) task_wdt: esp_task_wdt_reset(705): task not found
E (169093) task_wdt: esp_task_wdt_reset(705): task not found
E (169098) task_wdt: esp_task_wdt_reset(705): task not found
E (169104) task_wdt: esp_task_wdt_reset(705): task not found
E (169109) task_wdt: esp_task_wdt_reset(705): task not found
E (169114) task_wdt: esp_task_wdt_reset(705): task not found
E (169120) task_wdt: esp_task_wdt_reset(705): task not found
E (169125) task_wdt: esp_task_wdt_reset(705): task not found
E (169130) task_wdt: esp_task_wdt_reset(705): task not found
E (169136) task_wdt: esp_task_wdt_reset(705): task not found
E (169141) task_wdt: esp_task_wdt_reset(705): task not found
E (169146) task_wdt: esp_task_wdt_reset(705): task not found
E (169163) task_wdt: esp_task_wdt_reset(705): task not found
[170789][E][ssl_client.cpp:36] _handle_error(): [ssl_starttls_handshake():317]: (-29312) SSL - The connection indicated an EOF
[170801][E][NetworkClientSecure.cpp:159] connect(): start_ssl_client: connect failed: -29312
W: Failed to get timezone offset from API, HTTP code: -1
E (170820) task_wdt: esp_task_wdt_reset(705): task not found
ets Jul 29 2019 12:21:46

rst:0x1 (POWERON_RESET),boot:0x13 (SPI_FAST_FLASH_BOOT)
configsip: 0, SPIWP:0xee
clk_drv:0x00,q_drv:0x00,d_drv:0x00,cs0_drv:0x00,hd_drv:0x00,wp_drv:0x00
mode:DIO, clock div:2
load:0x3fff0030,len:4660
load:0x40078000,len:15556
load:0x40080400,len:4
ho 8 tail 4 room 4
load:0x40080404,len:3152
entry 0x400805a0
I: 🚀 Starting up...
I: PCB Version: infoorbs-v0_3
I: Constructing ConfigManager
I: NVS initialized successfully in ConfigManager
I: ConfigManager initialized
I: ScreenManager initialized
I: TFT_MOSI: 17
I: TFT_MISO: -1
I: TFT_SCLK: 23
I: TFT_CS: -1
I: TFT_DC: 19
I: TFT_RST: 18
I: SCREEN_1_CS: 13
I: SCREEN_2_CS: 33
I: SCREEN_3_CS: 32
I: SCREEN_4_CS: 25
I: SCREEN_5_CS: 21
I: Initializing watchdog timer to 60 seconds... 
E (402) task_wdt: esp_task_wdt_init(515): TWDT already initialized
E: failed!
I: LittleFS mounted successfully.
[   431][E][Preferences.cpp:506] getString(): nvs_get_str len fail: timezoneLoc NOT_FOUND
[   442][E][Preferences.cpp:506] getString(): nvs_get_str len fail: ntpServer NOT_FOUND
I: Connecting to WiFi
I: Hostname: InfoOrbs-000000
*wm:AutoConnect 
*wm:Connect Wifi, ATTEMPT # 1 of 5
*wm:Connecting to SAVED AP: TaxHawk-IoT
*wm:connectTimeout not set, ESP waitForConnectResult... 
*wm:Connect Wifi, ATTEMPT # 2 of 5
*wm:Connecting to SAVED AP: TaxHawk-IoT
*wm:connectTimeout not set, ESP waitForConnectResult... 
*wm:Connect Wifi, ATTEMPT # 3 of 5
*wm:Connecting to SAVED AP: TaxHawk-IoT
E (7095) wifi:sta is connecting, return error
[  3300][E][STA.cpp:347] connect(): STA connect failed! 0x3007: ESP_ERR_WIFI_CONN
*wm:connectTimeout not set, ESP waitForConnectResult... 
*wm:Connect Wifi, ATTEMPT # 4 of 5
*wm:Connecting to SAVED AP: TaxHawk-IoT
E (7618) wifi:sta is connecting, return error
[  3822][E][STA.cpp:347] connect(): STA connect failed! 0x3007: ESP_ERR_WIFI_CONN
*wm:connectTimeout not set, ESP waitForConnectResult... 
*wm:Connect Wifi, ATTEMPT # 5 of 5
*wm:Connecting to SAVED AP: TaxHawk-IoT
*wm:[ERROR] wifi begin failed 
*wm:connectTimeout not set, ESP waitForConnectResult... 
*wm:AutoConnect: SUCCESS 
*wm:STA IP Address: 10.2.110.60
I: WifiManager connected.
[  4936][E][Preferences.cpp:506] getString(): nvs_get_str len fail: timezoneLoc NOT_FOUND
[  4950][E][Preferences.cpp:506] getString(): nvs_get_str len fail: ntpServer NOT_FOUND
I: GlobalTime initialized, tzLoc=America/Denver, clockFormat=1, ntpServer=pool.ntp.org
[  4965][E][Preferences.cpp:506] getString(): nvs_get_str len fail: weatherLocation NOT_FOUND
I: WeatherWidget initialized, mode=1
[  4978][E][Preferences.cpp:506] getString(): nvs_get_str len fail: stockList NOT_FOUND
I: StockWidget initialized
Constructing ParqetWidget, portfolioId=
[  4991][E][Preferences.cpp:506] getString(): nvs_get_str len fail: pqportfoId NOT_FOUND
[  5008][E][Preferences.cpp:506] getString(): nvs_get_str len fail: pqProxyUrl NOT_FOUND
I: Widget Parqet is disabled
[  5017][E][Preferences.cpp:506] getString(): nvs_get_str len fail: mqttHost NOT_FOUND
[  5027][E][Preferences.cpp:506] getString(): nvs_get_str len fail: mqttSetupTopic NOT_FOUND
[  5036][E][Preferences.cpp:506] getString(): nvs_get_str len fail: mqttUser NOT_FOUND
[  5044][E][Preferences.cpp:506] getString(): nvs_get_str len fail: mqttPass NOT_FOUND
I: Widget MQTTWidget is disabled
[  5053][E][Preferences.cpp:506] getString(): nvs_get_str len fail: 5zoZoneName0 NOT_FOUND
[  5063][E][Preferences.cpp:506] getString(): nvs_get_str len fail: 5zoZoneInfo0 NOT_FOUND
[  5072][E][Preferences.cpp:506] getString(): nvs_get_str len fail: 5zoZoneName1 NOT_FOUND
[  5081][E][Preferences.cpp:506] getString(): nvs_get_str len fail: 5zoZoneInfo1 NOT_FOUND
[  5090][E][Preferences.cpp:506] getString(): nvs_get_str len fail: 5zoZoneName2 NOT_FOUND
[  5098][E][Preferences.cpp:506] getString(): nvs_get_str len fail: 5zoZoneInfo2 NOT_FOUND
[  5107][E][Preferences.cpp:506] getString(): nvs_get_str len fail: 5zoZoneName3 NOT_FOUND
[  5116][E][Preferences.cpp:506] getString(): nvs_get_str len fail: 5zoZoneInfo3 NOT_FOUND
[  5125][E][Preferences.cpp:506] getString(): nvs_get_str len fail: 5zoZoneName4 NOT_FOUND
[  5133][E][Preferences.cpp:506] getString(): nvs_get_str len fail: 5zoZoneInfo4 NOT_FOUND
I: Widget 5 Zone Clock is disabled
I: Widget Matrix Screen is disabled
[  5150][E][Preferences.cpp:506] getString(): nvs_get_str len fail: teamName NOT_FOUND
I: BaseballWidget initialized for team: Mets
I: Widget Baseball is disabled
[  5163][E][Preferences.cpp:506] getString(): nvs_get_str len fail: teamAbbrev NOT_FOUND
I: NHLWidget initialized for team: UTA
I: New config section: General
I: New config section: TFT Settings
I: New config section: ClockWidget
I: New config section: WeatherWidget
I: New config section: StockWidget
I: New config section: ParqetWidget
I: New config section: MqttWidget
I: New config section: FiveZoneWidget
I: New config section: MatrixWidget
I: New config section: BaseballWidget
I: New config section: NHLWidget
E (9001) task_wdt: esp_task_wdt_reset(705): task not found
I: IP address: 10.2.110.60
*wm:Starting Web Portal 
I: Connected to WiFi
E (14264) task_wdt: esp_task_wdt_reset(705): task not found
I: updating widget Clock
I: updating widget Weather
I: updating widget Stock
I: updating widget NHL
I: NHL Widget update() called - Team: UTA
I: Fetching standings from: https://api-web.nhle.com/v1/standings/now
[ 26579][E][ssl_client.cpp:36] _handle_error(): [ssl_starttls_handshake():317]: (-29312) SSL - The connection indicated an EOF
[ 26590][E][NetworkClientSecure.cpp:159] connect(): start_ssl_client: connect failed: -29312
W: Failed to get timezone offset from API, HTTP code: -1
E (30773) task_wdt: esp_task_wdt_reset(705): task not found
I: 🔵 Starting HTTP request for: https://weather.visualcrossing.com/VisualCrossingWebServices/rest/services/timeline/Provo, Utah/next4days?key=XW2RDGD6XK432AF25BNK2A3C7&unitGroup=us&include=days,current&iconSet=icons1&lang=en
����������������������������������������������������������������handle_error(): [ssl_starttls_handshake():317]: (-29312) SSL - The connection indicated an EOF
[ 35598][E][NetworkClientSecure.cpp:159] connect(): start_ssl_client: connect failed: -29312
W: Failed to get timezone offset from API, HTTP code: -1
E: 🔴 HTTP request failed, error code: -11
I: ✅ Release semaphore
[ 44097][E][ssl_client.cpp:36] _handle_error(): [ssl_starttls_handshake():317]: (-29312) SSL - The connection indicated an EOF
[ 44108][E][NetworkClientSecure.cpp:159] connect(): start_ssl_client: connect failed: -29312
W: Failed to get timezone offset from API, HTTP code: -1
W: Unknown weather icon: 
W: Unknown weather icon: 
W: Unknown weather icon: 
W: Unknown weather icon: 
I: Drawing of Weather took 8856 ms
E: HTTP requeIst failed, error code: -11
: 🔵 StaE (48313r) task_wdt: tesp_task_wdt_reset(i705): task not found
ng HTTP request for: https://api.twelvedata.com/quote?apikey=e03fc53524454ab8b65d91b23c669cc5&symbol=COST
[ 45547][E][ssl_client.cpp:36] _handle_error(): [start_ssl_client():302]: (-32512) SSL - Memory allocation failed
[ 45557][E][NetworkClientSecure.cpp:159] connect(): start_ssl_client: connect failed: -32512
W: Failed to get timezone offset from API, HTTP code: -1
E (49367) task_wdt: esp_task_wdt_reset(705): task not found
[ 46040][E][ssl_client.cpp:36] _handle_error(): [start_ssl_client():302]: (-32512) SSL - Memory allocation failed
[ 46050][E][NetworkClientSecure.cpp:159] connect(): start_ssl_client: connect failed: -32512
W: Failed to get timezone offset from API, HTTP code: -1
E (49862) task_wdt: esp_task_wdt_reset(705): task not found
E (49864) task_wdt: esp_task_wdt_reset(705): task not found
E (49865) task_wdt: esp_task_wdt_reset(705): task not found
E (49869) task_wdt: esp_task_wdt_reset(705): task not found
E (49874) task_wdt: esp_task_wdt_reset(705): task not found
E (49880) task_wdt: esp_task_wdt_reset(705): task not found
E (49885) task_wdt: esp_task_wdt_reset(705): task not found
E (49890) task_wdt: esp_task_wdt_reset(705): task not found
E (49895) task_wdt: esp_task_wdt_reset(705): task not found
E (49901) task_wdt: esp_task_wdt_reset(705): task not found
E (49906) task_wdt: esp_task_wdt_reset(705): task not found
E (49911) task_wdt: esp_task_wdt_reset(705): task not found
E (49917) task_wdt: esp_task_wdt_reset(705): task not found
E (49923) task_wdt: esp_task_wdt_reset(705): task not found
E (49927) task_wdt: esp_task_wdt_reset(705): task not found
E (49932) task_wdt: esp_task_wdt_reset(705): task not found
E (49938) task_wdt: esp_task_wdt_reset(705): task not found
E (49943) task_wdt: esp_task_wdt_reset(705): task not found
E (49948) task_wdt: esp_task_wdt_reset(705): task not found
E (49953) task_wdt: esp_task_wdt_reset(705): task not found
E (49959) task_wdt: esp_task_wdt_reset(705): task not found
E (49964) task_wdt: esp_task_wdt_reset(705): task not found
E (49969) task_wdt: esp_task_wdt_reset(705): task not found
E (49974) task_wdt: esp_task_wdt_reset(705): task not found
E (49980) task_wdt: esp_task_wdt_reset(705): task not found
E (49985) task_wdt: esp_task_wdt_reset(705): task not found
E (49990) task_wdt: esp_task_wdt_reset(705): task not found
E (49995) task_wdt: esp_task_wdt_reset(705): task not found
E (50001) task_wdt: esp_task_wdt_reset(705): task not found
E (50006) task_wdt: esp_task_wdt_reset(705): task not found
E (50011) task_wdt: esp_task_wdt_reset(705): task not found
E (50016) task_wdt: esp_task_wdt_reset(705): task not found
E (50022) task_wdt: esp_task_wdt_reset(705): task not found
E (50027) task_wdt: esp_task_wdt_reset(705): task not found
E (50032) task_wdt: esp_task_wdt_reset(705): task not found
E (50038) task_wdt: esp_task_wdt_reset(705): task not found
E (50043) task_wdt: esp_task_wdt_reset(705): task not found
E (50048) task_wdt: esp_task_wdt_reset(705): task not found
E (50053) task_wdt: esp_task_wdt_reset(705): task not found
E (50059) task_wdt: esp_task_wdt_reset(705): task not found
E (50064) task_wdt: esp_task_wdt_reset(705): task not found
E (50069) task_wdt: esp_task_wdt_reset(705): task not found
E (50074) task_wdt: esp_task_wdt_reset(705): task not found
E (50081) task_wdt: esp_task_wdt_reset(705): task not found
E (50085) task_wdt: esp_task_wdt_reset(705): task not found
E (50090) task_wdt: esp_task_wdt_reset(705): task not found
E (50095) task_wdt: esp_task_wdt_reset(705): task not found
E (50101) task_wdt: esp_task_wdt_reset(705): task not found
E (50106) task_wdt: esp_task_wdt_reset(705): task not found
E (50111) task_wdt: esp_task_wdt_reset(705): task not found
E (50116) task_wdt: esp_task_wdt_reset(705): task not found
E (50124) task_wdt: esp_task_wdt_reset(705): task not found
E (50127) task_wdt: esp_task_wdt_reset(705): task not found
E (50132) task_wdt: esp_task_wdt_reset(705): task not found
E (50138) task_wdt: esp_task_wdt_reset(705): task not found
E (50143) task_wdt: esp_task_wdt_reset(705): task not found
E (50148) task_wdt: esp_task_wdt_reset(705): task not found
E (50153) task_wdt: esp_task_wdt_reset(705): task not found
E (50159) task_wdt: esp_task_wdt_reset(705): task not found
E (50164) task_wdt: esp_task_wdt_reset(705): task not found
E (50169) task_wdt: esp_task_wdt_reset(705): task not found
E (50174) task_wdt: esp_task_wdt_reset(705): task not found
E (50180) task_wdt: esp_task_wdt_reset(705): task not found
E (50185) task_wdt: esp_task_wdt_reset(705): task not found
E (50190) task_wdt: esp_task_wdt_reset(705): task not found
E (50195) task_wdt: esp_task_wdt_reset(705): task not found
E (50201) task_wdt: esp_task_wdt_reset(705): task not found
E (50206) task_wdt: esp_task_wdt_reset(705): task not found
E (50211) task_wdt: esp_task_wdt_reset(705): task not found
E (50216) task_wdt: esp_task_wdt_reset(705): task not found
E (50222) task_wdt: esp_task_wdt_reset(705): task not found
E (50227) task_wdt: esp_task_wdt_reset(705): task not found
E (50232) task_wdt: esp_task_wdt_reset(705): task not found
E (50237) task_wdt: esp_task_wdt_reset(705): task not found
E (50243) task_wdt: esp_task_wdt_reset(705): task not found
E (50248) task_wdt: esp_task_wdt_reset(705): task not found
E (50253) task_wdt: esp_task_wdt_reset(705): task not found
E (50259) task_wdt: esp_task_wdt_reset(705): task not found
E (50264) task_wdt: esp_task_wdt_reset(705): task not found
E (50269) task_wdt: esp_task_wdt_reset(705): task not found
E (50274) task_wdt: esp_task_wdt_reset(705): task not found
E (50280) task_wdt: esp_task_wdt_reset(705): task not found
E (50285) task_wdt: esp_task_wdt_reset(705): task not found
E (50290) task_wdt: esp_task_wdt_reset(705): task not found
E (50295) task_wdt: esp_task_wdt_reset(705): task not found
E (50301) task_wdt: esp_task_wdt_reset(705): task not found
E (50306) task_wdt: esp_task_wdt_reset(705): task not found
E (50311) task_wdt: esp_task_wdt_reset(705): task not found
E (50316) task_wdt: esp_task_wdt_reset(705): task not found
E (50322) task_wdt: esp_task_wdt_reset(705): task not found
E (50327) task_wdt: esp_task_wdt_reset(705): task not found
E (50332) task_wdt: esp_task_wdt_reset(705): task not found
E (50337) task_wdt: esp_task_wdt_reset(705): task not found
E (50343) task_wdt: esp_task_wdt_reset(705): task not found
E (50348) task_wdt: esp_task_wdt_reset(705): task not found
E (50353) task_wdt: esp_task_wdt_reset(705): task not found
E (50358) task_wdt: esp_task_wdt_reset(705): task not found
E (50364) task_wdt: esp_task_wdt_reset(705): task not found
E (50369) task_wdt: esp_task_wdt_reset(705): task not found
[ 47263][E][ssl_client.cpp:36] _handle_error(): [start_ssl_client():302]: (-32512) SSL - Memory allocation failed
[ 47273][E][NetworkClientSecure.cpp:159] connect(): start_ssl_client: connect failed: -32512
W: Failed to get timezone offset from API, HTTP code: -1
E (51083) task_wdt: esp_task_wdt_reset(705): task not found
E (51084) task_wdt: esp_task_wdt_reset(705): task not found
E (51085) task_wdt: esp_task_wdt_reset(705): task not found
E (51090) task_wdt: esp_task_wdt_reset(705): task not found
E (51095) task_wdt: esp_task_wdt_reset(705): task not found
E (51101) task_wdt: esp_task_wdt_reset(705): task not found
E (51106) task_wdt: esp_task_wdt_reset(705): task not found
E (51111) task_wdt: esp_task_wdt_reset(705): task not found
E (51116) task_wdt: esp_task_wdt_reset(705): task not found
E (51122) task_wdt: esp_task_wdt_reset(705): task not found
E (51127) task_wdt: esp_task_wdt_reset(705): task not found
E (51132) task_wdt: esp_task_wdt_reset(705): task not found
E (51137) task_wdt: esp_task_wdt_reset(705): task not found
E (51143) task_wdt: esp_task_wdt_reset(705): task not found
E (51148) task_wdt: esp_task_wdt_reset(705): task not found
E (51153) task_wdt: esp_task_wdt_reset(705): task not found
E (51159) task_wdt: esp_task_wdt_reset(705): task not found
E (51164) task_wdt: esp_task_wdt_reset(705): task not found
E (51169) task_wdt: esp_task_wdt_reset(705): task not found
E (51174) task_wdt: esp_task_wdt_reset(705): task not found
E (51180) task_wdt: esp_task_wdt_reset(705): task not found
E (51185) task_wdt: esp_task_wdt_reset(705): task not found
E (51190) task_wdt: esp_task_wdt_reset(705): task not found
E (51195) task_wdt: esp_task_wdt_reset(705): task not found
E (51201) task_wdt: esp_task_wdt_reset(705): task not found
E (51206) task_wdt: esp_task_wdt_reset(705): task not found
E (51211) task_wdt: esp_task_wdt_reset(705): task not found
E (51216) task_wdt: esp_task_wdt_reset(705): task not found
E (51222) task_wdt: esp_task_wdt_reset(705): task not found
E (51227) task_wdt: esp_task_wdt_reset(705): task not found
E (51232) task_wdt: esp_task_wdt_reset(705): task not found
E (51238) task_wdt: esp_task_wdt_reset(705): task not found
E (51243) task_wdt: esp_task_wdt_reset(705): task not found
E (51248) task_wdt: esp_task_wdt_reset(705): task not found
E (51254) task_wdt: esp_task_wdt_reset(705): task not found
E (51258) task_wdt: esp_task_wdt_reset(705): task not found
E (51264) task_wdt: esp_task_wdt_reset(705): task not found
E (51269) task_wdt: esp_task_wdt_reset(705): task not found
E (51274) task_wdt: esp_task_wdt_reset(705): task not found
E (51280) task_wdt: esp_task_wdt_reset(705): task not found
E (51285) task_wdt: esp_task_wdt_reset(705): task not found
E (51290) task_wdt: esp_task_wdt_reset(705): task not found
E (51295) task_wdt: esp_task_wdt_reset(705): task not found
E (51301) task_wdt: esp_task_wdt_reset(705): task not found
E (51306) task_wdt: esp_task_wdt_reset(705): task not found
E (51311) task_wdt: esp_task_wdt_reset(705): task not found
E (51316) task_wdt: esp_task_wdt_reset(705): task not found
E (51322) task_wdt: esp_task_wdt_reset(705): task not found
E (51327) task_wdt: esp_task_wdt_reset(705): task not found
E (51332) task_wdt: esp_task_wdt_reset(705): task not found
E (51337) task_wdt: esp_task_wdt_reset(705): task not found
E (51343) task_wdt: esp_task_wdt_reset(705): task not found
E (51348) task_wdt: esp_task_wdt_reset(705): task not found
E (51353) task_wdt: esp_task_wdt_reset(705): task not found
E (51358) task_wdt: esp_task_wdt_reset(705): task not found
E (51364) task_wdt: esp_task_wdt_reset(705): task not found
E (51369) task_wdt: esp_task_wdt_reset(705): task not found
E (51374) task_wdt: esp_task_wdt_reset(705): task not found
